m,n,k,avg
0,303,574,2199,0.0246403
0,2741,845,845,0.111378
0,1929,303,845,0.0310228
0,32,32,2199,0.00161424
0,845,1658,3012,0.284643
0,1929,3283,1116,0.413763
0,3283,1387,303,0.087086
0,1658,1658,3012,0.444172
0,4096,3554,32,0.0849503
0,2199,1116,3554,0.506552
0,3012,32,2470,0.0428001
0,1387,3283,1387,0.35582
0,574,4096,3554,0.383703
0,303,1929,574,0.0196192
0,303,2741,1387,0.053534
0,3554,574,4096,0.568793
0,32,1116,2741,0.0203572
0,1929,2470,3825,0.944148
0,845,303,1116,0.0186818
0,1658,1387,1929,0.252829
0,2199,2199,1929,0.520931
0,3012,1387,303,0.056602
0,3825,2470,574,0.338619
0,3012,2199,1658,0.704914
0,303,4096,3554,0.164711
0,32,1929,1116,0.0160613
0,3554,2741,3283,1.92318
0,32,3283,1387,0.0309319
0,845,574,1658,0.0515351
0,4096,2741,3283,1.83706
0,2199,3012,845,0.31909
0,3283,2470,1116,0.545058
0,574,1658,4096,0.19916
0,1387,32,32,0.000896682
0,3825,303,4096,0.239932
0,2741,2470,1387,0.519526
0,303,845,1929,0.0282801
0,2741,574,1116,0.113145
0,1116,1658,4096,0.435539
0,1929,1658,574,0.111838
0,32,4096,2470,0.0785864
0,845,1929,2199,0.242573
0,3283,1116,3825,0.785226
0,1658,303,2741,0.0758357
0,4096,574,303,0.0411221
0,1658,2741,845,0.223678
0,3012,303,1658,0.101238
0,1387,1929,3012,0.432727
0,303,32,845,0.00178795
0,3554,845,2199,0.370833
0,32,845,3012,0.0173424
0,32,2199,574,0.00853823
0,1658,1116,1116,0.12492
0,1658,2470,1929,0.437916
0,574,303,3554,0.0388946
0,3012,574,32,0.00938736
0,3825,2199,303,0.131997
0,2741,1658,303,0.0775084
0,3554,32,574,0.0125457
0,32,1658,1929,0.0217793
0,845,1116,3554,0.231801
0,845,3283,1116,0.166297
0,32,3012,1116,0.0219347
0,845,845,1387,0.0571132
0,2199,2741,32,0.0331834
0,3283,2199,845,0.391022
0,1658,3283,3012,0.829538
0,574,2470,3825,0.279619
0,1387,303,845,0.021712
0,3825,32,3283,0.0584486
0,2741,2199,1658,0.515951
0,303,3283,1658,0.10296
0,2741,1387,1387,0.302144
0,1929,1929,303,0.0651015
0,32,3825,2741,0.0666555
0,845,1116,2470,0.133172
0,1658,32,2470,0.0250749
0,4096,845,574,0.140147
0,574,3825,2470,0.308131
0,303,303,32,0.000575459
0,32,574,2199,0.00895611
0,3554,4096,32,0.0419598
0,1658,1929,1387,0.2578
0,2199,1658,1387,0.308154
0,1658,2199,1116,0.230374
0,574,32,3825,0.0150779
0,3012,845,845,0.114686
0,3825,3012,32,0.0701481
0,2741,3283,3012,1.40114
0,3825,3012,1929,1.12303
0,303,2470,4096,0.152651
0,2470,845,1658,0.196501
0,3554,303,303,0.0199674
0,32,1387,1658,0.0155318
0,3554,3283,2741,1.81332
0,32,2741,1929,0.0329138
0,845,32,1116,0.00678199
0,4096,2199,3825,2.28709
0,2199,2470,303,0.0868282
0,3283,4096,574,0.492091
0,574,2199,3554,0.240399
0,1387,574,574,0.0283962
0,2741,3012,1929,0.838974
0,303,3554,1387,0.0903811
0,2741,1116,1658,0.227054
0,1116,1387,1658,0.155742
0,1929,1116,32,0.0112237
0,32,3554,3012,0.060777
0,845,1387,3825,0.247389
0,1658,845,2199,0.181
0,4096,32,845,0.0268548
0,2199,303,3825,0.163662
0,1387,4096,2199,0.733666
0,303,574,303,0.00313968
0,1116,3283,32,0.0216941
0,3554,1387,2741,0.684375
0,32,303,2470,0.00496258
0,2470,1658,3283,0.710845
0,1658,1658,574,0.0969759
0,2199,1387,1116,0.194508
0,1387,1116,1387,0.111503
0,574,845,4096,0.142482
0,3012,32,574,0.0111618
0,303,2199,2470,0.0928749
0,2470,3012,3012,1.2688
0,303,2741,3825,0.203724
0,3554,574,32,0.0106605
0,32,1116,303,0.00359688
0,845,2741,574,0.0856311
0,32,2470,1658,0.030397
0,3283,303,2199,0.159944
0,2199,2199,3825,0.970959
0,3283,3825,303,0.313847
0,1658,3825,3554,1.25264
0,1387,2199,1116,0.199849
0,574,3012,3283,0.343996
0,3283,574,1658,0.183426
0,1387,845,1387,0.102285
0,2741,2741,32,0.0412069
0,1116,3012,3283,0.561383
0,303,3825,1116,0.0698211
0,2741,1929,1929,0.611125
0,1929,1387,4096,0.623907
0,32,3283,3283,0.0675416
0,1658,574,1929,0.111569
0,4096,303,1116,0.0668087
0,845,845,32,0.00436578
0,3012,3283,1387,0.840605
0,1387,32,2470,0.0199841
0,303,845,3825,0.0674024
0,1116,845,303,0.0154348
0,2470,3283,574,0.262818
0,32,32,1658,0.00113452
0,2470,1929,3012,0.859584
0,1658,303,845,0.0269159
0,2199,1116,845,0.119942
0,574,574,2199,0.0435411
0,3012,303,3554,0.2775
0,1387,3283,3012,0.770667
0,3825,1387,3825,1.06497
0,1387,1929,574,0.0972151
0,2741,3825,1387,0.793136
0,1116,1116,2741,0.196358
0,3554,845,1929,0.324423
0,1929,574,3554,0.23966
0,32,845,32,0.00120446
0,845,3012,303,0.0507224
0,3283,32,4096,0.0692372
0,3283,3554,32,0.0444412
0,4096,1387,303,0.0619167
0,574,303,574,0.00674429
0,1387,2470,1929,0.374986
0,574,2741,3012,0.291852
0,1387,1116,1116,0.0983467
0,4096,1658,2741,1.04956
0,303,1116,2741,0.05337
0,2741,3554,303,0.221491
0,303,4096,845,0.0544737
0,2470,845,32,0.0111443
0,3283,845,845,0.13882
0,4096,3012,1658,1.03437
0,1658,3554,1658,0.483209
0,2199,32,2199,0.0332344
0,3012,3554,574,0.341362
0,1387,303,2741,0.0734238
0,303,3283,4096,0.263753
0,1116,574,574,0.0225209
0,2470,3554,303,0.125298
0,32,4096,1929,0.0811403
0,2470,32,2741,0.0507503
0,1929,3554,2470,0.95555
0,2199,3825,2470,1.11535
0,1658,32,32,0.00106297
0,2199,845,574,0.0675798
0,574,1387,2470,0.11936
0,3012,3825,3283,2.17064
0,574,3825,32,0.0129548
0,2741,303,1116,0.0530586
0,303,3012,2199,0.0904038
0,3554,1116,1658,0.346658
0,1929,845,3825,0.392639
0,32,574,845,0.00339654
0,845,2199,32,0.0100204
0,2199,1658,3283,0.69393
0,1658,2199,4096,0.918657
0,574,32,303,0.00120949
0,1387,2741,1658,0.37969
0,574,3554,2741,0.322414
0,1387,1387,1929,0.211111
0,303,1387,2470,0.0536097
0,1116,2470,3825,0.583738
0,303,2199,574,0.0228283
0,2470,2470,2741,0.962435
0,32,2741,3825,0.0779401
0,3283,574,32,0.010101
0,1387,574,3012,0.155875
0,303,3554,3283,0.150532
0,1116,303,845,0.0166621
0,2470,3825,32,0.0591866
0,3554,2199,1387,0.606996
0,32,3825,1116,0.0311555
0,2470,303,2470,0.115851
0,1658,845,303,0.0235594
0,2199,574,303,0.0221881
0,574,1116,2741,0.108681
0,1387,3825,2470,0.670531
0,3825,1929,3283,1.38643
0,2741,32,1929,0.0361095
0,3554,1387,1387,0.417188
0,1929,32,4096,0.0277021
0,32,303,574,0.00123189
0,3554,4096,3825,2.8935
0,3283,1658,3554,1.13141
0,2199,1387,3554,0.615736
0,574,845,32,0.00274332
0,1387,3012,303,0.0650552
0,1387,1658,1658,0.22611
0,303,1658,2199,0.061701
0,2741,4096,845,0.464888
0,303,2470,303,0.012092
0,2470,2741,3012,1.07479
0,1929,2199,3283,0.782901
0,32,2470,4096,0.076879
0,3283,303,303,0.0172858
0,1387,1116,3283,0.267998
0,4096,2470,32,0.0501334
0,1658,4096,1116,0.463289
0,3012,1116,2470,0.45909
0,3012,3012,32,0.0555021
0,1387,845,3283,0.285942
0,1116,3012,1387,0.298684
0,303,3825,3554,0.284805
0,1116,32,1116,0.00833276
0,3554,2470,1658,0.800673
0,32,3554,1387,0.0361492
0,2470,574,2199,0.185224
0,1658,574,3825,0.240214
0,2199,303,32,0.00378682
0,3825,3554,574,0.416764
0,574,1929,3012,0.206079
0,1387,4096,1658,0.493724
0,2741,845,1658,0.208499
0,3554,1658,1116,0.368204
0,1929,303,2199,0.0725876
0,32,32,3554,0.00226163
0,845,1658,3825,0.30624
0,2199,4096,845,0.420669
0,2199,1116,2741,0.379124
0,574,574,1929,0.0396795
0,1387,3283,32,0.0259313
0,574,4096,2199,0.276119
0,303,1929,4096,0.10922
0,2741,3825,3283,1.81742
0,1116,4096,2199,0.538309
0,3283,1658,3012,0.935709
0,303,2741,32,0.00496426
0,1116,1116,303,0.0194048
0,1929,574,574,0.0397173
0,2470,3012,1116,0.442174
0,1929,2470,3012,0.753614
0,845,303,2470,0.0435037
0,3283,32,1658,0.0272563
0,303,2199,3825,0.138731
0,3283,3554,2470,1.73171
0,3012,1387,3825,0.900392
0,3825,2470,2470,1.19204
0,3012,2199,303,0.0932364
0,3825,574,32,0.0123376
0,303,1116,845,0.0173731
0,1116,2741,1658,0.302165
0,1116,1929,1387,0.166785
0,32,1929,3012,0.0444526
0,32,3283,574,0.0134297
0,1929,3825,574,0.257849
0,2199,3012,3825,1.4805
0,3012,1658,32,0.0246322
0,3825,3283,303,0.160746
0,574,1658,1116,0.0611994
0,1387,32,1929,0.016707
0,3825,303,2741,0.192224
0,2741,2470,2199,0.806838
0,2741,574,303,0.0251243
0,1929,1658,2470,0.45745
0,845,1929,3554,0.308831
0,1929,3554,32,0.0408147
0,2199,3825,32,0.0412162
0,3283,1116,845,0.163947
0,4096,574,1116,0.157832
0,2199,845,3012,0.389885
0,1658,2741,2199,0.624906
0,574,1387,1658,0.0780003
0,1387,3554,845,0.235224
0,303,32,3825,0.00844352
0,2741,303,3554,0.147017
0,1116,3825,3012,0.716548
0,1929,845,303,0.0293301
0,2470,1116,1387,0.197757
0,32,2199,1929,0.0277598
0,1658,1116,2470,0.266966
0,4096,4096,574,0.621084
0,1658,2470,574,0.146654
0,3012,574,4096,0.434338
0,3825,2199,2741,1.41431
0,1387,1387,3825,0.441688
0,303,1387,32,0.00222225
0,1116,2470,1929,0.301203
0,303,2199,3012,0.112143
0,1116,1658,1658,0.177824
0,32,1658,2199,0.0229885
0,2470,2470,1387,0.45274
0,3554,3012,32,0.056111
0,32,3012,845,0.0153108
0,2199,2741,3554,1.20898
0,3012,1929,845,0.281906
0,3825,4096,32,0.0832726
0,574,2470,1387,0.116509
0,1387,303,1116,0.0271145
0,3825,32,2470,0.0503594
0,2741,2199,3012,0.99395
0,2741,1387,32,0.026906
0,1116,1387,2470,0.247804
0,32,3825,4096,0.139291
0,845,1116,3283,0.165355
0,2199,3554,303,0.145874
0,3283,3012,574,0.303628
0,4096,845,1929,0.391762
0,2199,574,2199,0.169206
0,574,1116,1387,0.054494
0,2741,1658,3825,0.994436
0,1387,3825,574,0.175049
0,574,3825,3825,0.399131
0,303,303,3554,0.0203274
0,2741,32,3825,0.0660934
0,1929,32,32,0.00122901
0,2470,1387,1658,0.3449
0,3554,4096,1387,1.19227
0,1929,4096,2470,1.21471
0,3283,1658,1116,0.311055
0,1658,1929,2199,0.430476
0,1387,1116,2199,0.196782
0,1658,2199,303,0.0661106
0,3012,845,3283,0.419506
0,3283,574,3283,0.280084
0,303,2199,3283,0.135984
0,303,1658,303,0.00807397
0,1116,2199,32,0.0121554
0,3554,3554,845,0.551706
0,303,2470,2199,0.0885269
0,1116,1387,1929,0.172434
0,32,1387,2470,0.0236755
0,2470,2741,1116,0.429875
0,3554,3283,303,0.205902
0,32,2741,32,0.00373424
0,2199,2470,3283,0.908708
0,1658,4096,3554,1.36196
0,574,2199,1658,0.127792
0,1387,574,1387,0.0684169
0,2741,1116,845,0.149102
0,845,3825,574,0.111841
0,1929,1116,3012,0.365701
0,32,3554,3825,0.0856033
0,845,1387,3012,0.222131
0,2199,3283,1658,0.680401
0,3283,2741,303,0.129605
0,4096,32,1658,0.0541536
0,2199,303,2470,0.0965127
0,574,1929,1116,0.0695011
0,303,574,3283,0.0368506
0,1116,3283,1387,0.276292
0,1929,303,1929,0.0551335
0,2470,1658,1929,0.474642
0,1929,3283,2199,0.810204
0,3283,1387,1387,0.373204
0,1658,3012,32,0.0260319
0,3012,32,3554,0.0643135
0,3825,2741,1116,0.689009
0,303,1929,1658,0.0623059
0,1116,4096,303,0.0518051
0,303,2741,2470,0.109885
0,32,1116,3825,0.0285087
0,845,1116,3012,0.167593
0,845,2741,2470,0.300938
0,32,2470,303,0.00785899
0,845,303,32,0.00154733
0,1658,1387,845,0.107199
0,2199,2199,845,0.212069
0,3012,1387,1387,0.32119
0,1387,2199,3012,0.525505
0,3825,2470,1658,0.960413
0,574,3012,1929,0.16791
0,1387,845,574,0.0407565
0,2741,1929,574,0.152134
0,32,1929,32,0.00270939
0,845,4096,303,0.0462859
0,1929,1387,1116,0.166338
0,32,3283,2470,0.0691986
0,845,574,2741,0.0825863
0,3283,2470,32,0.0359752
0,4096,303,303,0.0191172
0,574,1658,3012,0.174953
0,1387,32,3283,0.0372825
0,3554,2470,3012,1.48024
0,3554,3554,574,0.504867
0,2741,2470,303,0.135212
0,303,845,845,0.0129737
0,2741,574,2199,0.20936
0,1116,845,1116,0.0680468
0,1929,1658,1658,0.312952
0,2470,1929,32,0.0240166
0,3283,1116,2741,0.504822
0,1658,303,3825,0.0964915
0,2470,574,3012,0.228832
0,3012,303,574,0.0303527
0,3825,1387,1387,0.452088
0,1387,1929,1929,0.28654
0,303,32,1929,0.00383835
0,1116,3825,574,0.143927
0,3554,845,3283,0.558981
0,32,845,4096,0.0197544
0,3554,3825,845,0.62392
0,1658,1116,32,0.0104952
0,2199,1929,574,0.145621
0,574,303,2470,0.0264957
0,3012,574,1116,0.114783
0,1387,2470,2199,0.438828
0,3825,2199,1387,0.719496
0,574,2741,32,0.00873352
0,1387,1116,845,0.0715725
0,2741,3554,3283,1.902
0,32,1658,845,0.00986275
0,845,3283,32,0.0143587
0,1929,2741,1387,0.354203
0,32,3012,2199,0.0477026
0,3283,845,1658,0.269873
0,2199,2741,1116,0.397783
0,3283,2199,1929,0.7186
0,4096,1658,32,0.0391037
0,574,2470,2741,0.213133
0,1387,303,4096,0.0931459
0,2741,2199,574,0.190968
0,303,3283,574,0.0324599
0,2741,1387,2470,0.543897
0,1116,574,1929,0.0791487
0,2470,3554,2741,1.39621
0,1929,1929,1387,0.330889
0,2470,32,303,0.0047489
0,1929,3554,3825,1.62505
0,1658,32,3554,0.04251
0,3825,1116,1658,0.407291
0,574,3825,1387,0.170415
0,303,303,1116,0.00668405
0,1116,3554,845,0.180593
0,303,3012,3554,0.187933
0,3554,1116,3554,0.835782
0,32,574,3283,0.0132789
0,845,2199,3012,0.288099
0,1658,1929,303,0.0594009
0,2199,1658,303,0.0564232
0,1658,2199,2199,0.514388
0,574,32,2741,0.00981366
0,3012,845,1929,0.328869
0,1387,2741,2470,0.50794
0,574,3554,303,0.0391886
0,1387,1387,32,0.0115141
0,32,1387,574,0.00568245
0,1929,3012,1658,0.529892
0,32,2741,3012,0.0480104
0,845,32,2199,0.0114272
0,2199,2470,1387,0.410368
0,4096,1929,845,0.373527
0,3012,1929,3554,1.20132
0,574,2199,2470,0.188782
0,1387,574,3825,0.167918
0,2741,3012,845,0.395409
0,303,3554,303,0.0173016
0,2741,1116,2741,0.485927
0,1116,303,1658,0.0351549
0,2470,3825,3012,1.52991
0,1929,1116,1116,0.138566
0,2470,303,574,0.0264347
0,3283,2741,2199,1.06461
0,3012,4096,32,0.0747114
0,303,574,1387,0.0147191
0,3554,1387,3825,0.974648
0,32,303,3554,0.00731425
0,2470,1658,2199,0.508006
0,845,2470,1116,0.129959
0,1658,1658,1658,0.236826
0,2199,1387,32,0.0155948
0,1658,3012,2470,0.644412
0,574,845,3012,0.0926374
0,3012,32,1658,0.0339128
0,1387,3012,3825,1.01438
0,3825,2741,3012,1.64949
0,574,3283,574,0.0628935
0,1387,1658,303,0.0332885
0,32,1116,1387,0.0103651
0,845,2741,1658,0.233955
0,1929,2199,1929,0.436117
0,32,2470,2741,0.05846
0,3283,303,1116,0.0588796
0,4096,2470,3554,2.03939
0,2199,2199,2741,0.763203
0,4096,1116,574,0.131256
0,3012,1116,3283,0.604118
0,1387,2199,32,0.016189
0,574,3012,2199,0.218455
0,1387,845,2470,0.169959
0,2741,2741,1116,0.445111
0,1116,3012,2199,0.3975
0,303,3825,32,0.00593949
0,1116,32,303,0.00227819
0,1929,1387,3012,0.458251
0,2470,574,845,0.0666419
0,32,2199,3283,0.0436921
0,3283,2470,2470,1.16169
0,1658,574,845,0.048271
0,4096,303,2199,0.16237
0,3012,3283,303,0.201452
0,3825,1658,32,0.0428407
0,303,845,2741,0.0438863
0,1116,845,3554,0.205694
0,3554,3825,574,0.55474
0,32,32,574,0.000366154
0,845,1658,1387,0.105561
0,2199,4096,1658,0.774983
0,1658,303,1929,0.0621418
0,2199,1116,1929,0.296218
0,574,574,3283,0.0679054
0,3012,303,2470,0.145084
0,3825,1387,2741,0.904163
0,574,4096,845,0.109635
0,2741,3825,303,0.172099
0,1116,1116,1658,0.118379
0,1929,574,2470,0.181635
0,32,845,1116,0.00696246
0,845,3012,1387,0.225146
0,1929,2470,32,0.0262023
0,845,303,3825,0.0573313
0,3283,32,845,0.0152877
0,2199,1929,3012,0.686211
0,3283,3554,1116,0.735169
0,3012,1387,3012,0.717178
0,1387,2470,845,0.155772
0,3825,574,1387,0.183602
0,303,1116,1658,0.0342071
0,2741,3554,1387,0.811504
0,1116,2741,3012,0.554955
0,303,4096,1929,0.135351
0,1116,1929,32,0.0118422
0,32,1929,3825,0.056775
0,1929,2741,2741,0.765931
0,1658,3554,574,0.235363
0,2199,32,1116,0.0140255
0,3012,1658,1929,0.571
0,3825,3283,2741,1.86843
0,3825,303,303,0.0213045
0,303,3283,3012,0.165602
0,3554,1929,32,0.0388987
0,32,4096,845,0.025694
0,2470,32,3825,0.0517181
0,845,1929,1658,0.151866
0,1929,3554,1387,0.507187
0,2199,3825,1387,0.659245
0,1658,32,1116,0.011154
0,2199,845,1658,0.185522
0,1658,2741,3554,0.855396
0,574,1387,3554,0.162301
0,1387,3554,3283,0.948675
0,3825,1116,2470,0.576274
0,2741,303,32,0.00446376
0,845,3554,845,0.150794
0,303,3012,1116,0.0664059
0,1116,1658,845,0.0980682
0,1929,845,2741,0.240315
0,32,574,1929,0.00746912
0,845,2199,1116,0.120149
0,1929,3825,303,0.136532
0,4096,3825,1387,1.22319
0,3283,1929,574,0.195894
0,1387,1116,4096,0.346772
0,3012,574,2741,0.31619
0,1387,2741,574,0.115689
0,3283,574,2470,0.285031
0,3012,2470,845,0.413767
0,1387,1387,3012,0.3131
0,303,1387,1387,0.0368574
0,1116,2470,2741,0.439175
0,303,2199,1658,0.060487
0,3554,32,3283,0.061476
0,32,1658,3554,0.0386247
0,2470,2470,3825,1.32047
0,1929,3012,2470,0.798343
0,4096,2199,845,0.468213
0,1658,3283,303,0.115128
0,3012,1929,1116,0.356209
0,3012,2741,1929,0.932394
0,3825,32,574,0.012866
0,303,3554,2199,0.126631
0,1116,303,4096,0.0903523
0,3554,2199,303,0.109205
0,32,3825,32,0.00521921
0,2470,303,3554,0.141988
0,3283,574,845,0.0951157
0,1658,845,1387,0.118532
0,2199,574,1387,0.121906
0,574,1116,3825,0.142514
0,3825,1929,2199,0.83526
0,2741,32,845,0.0146247
0,1929,32,3012,0.0339783
0,32,303,1658,0.00328541
0,845,2470,3012,0.382614
0,3283,1658,303,0.119161
0,2199,1387,2470,0.460018
0,3012,845,2470,0.360618
0,1387,3012,1387,0.281008
0,574,3283,3554,0.350991
0,1387,1658,2741,0.369319
0,303,1658,1116,0.0328945
0,2741,4096,1929,1.2105
0,1116,2199,3554,0.520206
0,303,2470,1387,0.0562878
0,1116,1387,574,0.055867
0,32,1387,3283,0.0342321
0,4096,2470,1116,0.582281
0,1658,4096,32,0.0337459
0,4096,1116,3012,0.780064
0,3012,1116,1387,0.263848
0,3012,3012,1116,0.55644
0,3825,845,845,0.159181
0,1116,3012,303,0.0623114
0,303,3825,2470,0.171115
0,1116,32,2199,0.0165114
0,3554,2470,574,0.319246
0,32,3554,303,0.0125758
0,2470,574,3283,0.287966
0,845,1387,32,0.00607213
0,1658,574,2741,0.153256
0,2199,303,1116,0.0448986
0,574,1929,4096,0.207967
0,3012,3283,2741,1.54347
0,2741,845,574,0.0813658
0,1929,303,3283,0.116808
0,32,32,2470,0.00151016
0,845,1658,2741,0.229983
0,1929,3283,845,0.286634
0,3283,1387,32,0.0229954
0,3012,32,2199,0.050774
0,1387,3283,1116,0.304417
0,574,4096,3283,0.412554
0,303,1929,845,0.0294112
0,1116,4096,3283,0.813626
0,303,2741,1116,0.0499935
0,32,1116,3012,0.0234314
0,2470,3012,32,0.0352125
0,845,303,1387,0.0231518
0,1658,1387,1658,0.206629
0,845,1116,1929,0.0926793
0,1658,3825,1929,0.72847
0,3012,1387,574,0.131031
0,3825,2470,3554,1.73459
0,1116,2741,574,0.111112
0,303,4096,3825,0.251294
0,1116,1929,2470,0.30547
0,32,1929,1929,0.0260521
0,3554,2741,845,0.486564
0,32,3283,1658,0.032052
0,845,574,303,0.00860071
0,2199,3012,574,0.222853
0,1658,3554,3012,0.972769
0,574,1658,32,0.00506684
0,1387,32,845,0.00792665
0,3825,303,3825,0.313994
0,4096,1658,574,0.236855
0,2741,574,1387,0.124324
0,2470,3283,3283,1.39807
0,1929,1658,3554,0.649489
0,32,4096,2199,0.0655187
0,845,1929,2470,0.258591
0,4096,574,32,0.0125561
0,1658,2741,1116,0.302698
0,3012,303,1929,0.101118
0,1387,3554,1929,0.554973
0,1387,1929,3283,0.498505
0,303,32,574,0.00119174
0,2741,303,2470,0.135346
0,32,845,2741,0.0153035
0,2470,1116,303,0.0442761
0,32,2199,845,0.011709
0,1658,1116,1387,0.159175
0,1658,2470,1658,0.3696
0,574,303,3283,0.0377418
0,3012,574,845,0.0910446
0,1387,2470,3554,0.69064
0,2741,3554,3012,1.5483
0,1116,2470,845,0.13698
0,303,2199,4096,0.167899
0,3554,32,1387,0.0358448
0,32,1658,1116,0.0114216
0,3283,845,2199,0.333055
0,32,3012,1929,0.0416172
0,845,845,574,0.0245128
0,2199,2741,303,0.102289
0,574,2470,303,0.0231342
0,1387,303,32,0.00237949
0,3825,32,3554,0.0969103
0,2741,2199,1929,0.578243
0,2741,1387,1116,0.217587
0,32,3825,3012,0.0734769
0,845,1116,2199,0.12602
0,3283,3012,3825,2.05043
0,4096,845,845,0.129464
0,2199,574,3283,0.206653
0,1387,3825,1658,0.560248
0,574,3825,2741,0.360319
0,303,303,303,0.00169345
0,2741,32,2741,0.0444614
0,3554,1116,2199,0.486137
0,32,574,2470,0.00992305
0,2470,1387,574,0.118943
0,1658,1929,1116,0.21682
0,1658,2199,1387,0.302412
0,574,32,4096,0.0144688
0,3012,845,32,0.0132316
0,1116,2199,1116,0.156968
0,303,2470,3283,0.161544
0,1116,1387,3012,0.266024
0,32,1387,1387,0.0143928
0,3554,3283,1387,0.921655
0,32,2741,1116,0.020654
0,845,32,845,0.00485224
0,4096,2199,3554,1.7573
0,2199,2470,32,0.0254656
0,1658,4096,2470,0.995458
0,574,2199,574,0.0435689
0,1387,574,303,0.0136126
0,3825,845,3283,0.543755
0,2741,1116,1929,0.29506
0,32,3554,2741,0.0760717
0,845,1387,4096,0.283772
0,1929,3825,1116,0.511003
0,2470,845,3012,0.401158
0,4096,32,574,0.0131575
0,2199,303,3554,0.154633
0,3012,4096,1387,0.952696
0,303,574,32,0.00104355
0,2741,845,3012,0.413732
0,1116,3283,303,0.0621931
0,3283,845,2470,0.375095
0,3554,1387,3012,0.861797
0,32,303,2199,0.0044148
0,2470,1658,845,0.202493
0,1116,1658,1116,0.120201
0,1658,1658,845,0.139495
0,1658,3012,1116,0.263335
0,574,845,3825,0.113288
0,3012,32,303,0.00542294
0,1387,3012,3012,0.664864
0,3825,2741,32,0.049683
0,303,2741,3554,0.20084
0,3554,574,1929,0.22217
0,32,1116,574,0.00470255
0,3554,3554,1658,1.14138
0,32,2470,1387,0.0235159
0,3283,303,4096,0.202451
0,1387,2199,1929,0.319766
0,574,3012,845,0.101491
0,1387,845,1658,0.11202
0,2741,2741,303,0.102646
0,2741,1929,1658,0.570125
0,1929,1387,32,0.0152059
0,32,3283,3554,0.0733165
0,845,574,3825,0.114506
0,4096,2741,1116,0.726287
0,4096,303,1387,0.0898932
0,3825,3554,3283,2.28995
0,3012,3283,1116,0.556648
0,1387,32,2199,0.0205549
0,303,845,4096,0.0546446
0,2741,574,3283,0.305376
0,1116,845,32,0.00572359
0,2470,3283,1387,0.600932
0,3554,1658,2741,0.910507
0,32,32,1929,0.00139132
0,1658,303,574,0.0184786
0,3825,574,3283,0.414895
0,574,574,2470,0.0468884
0,3012,303,3825,0.171159
0,1387,3283,2741,0.628096
0,3825,1387,303,0.0837509
0,1387,1929,845,0.131758
0,2741,3825,1658,0.998269
0,3554,3283,2470,1.64095
0,1116,1116,3012,0.243488
0,3554,845,32,0.015243
0,1929,574,3283,0.223428
0,32,845,845,0.00504924
0,845,3012,3825,0.592625
0,3283,32,2199,0.0372869
0,4096,3825,3012,2.81078
0,2199,1929,3825,0.99517
0,4096,1387,574,0.202094
0,574,303,1387,0.0156507
0,1387,2470,1116,0.227617
0,574,2741,1116,0.106173
0,1387,1116,1929,0.171976
0,303,1116,3554,0.0728936
0,2741,3554,32,0.044809
0,3554,3825,3825,2.93194
0,1929,2741,303,0.0975884
0,2470,845,303,0.0395573
0,3283,845,574,0.0916143
0,2199,32,2470,0.0413596
0,3012,1658,2741,0.72212
0,1387,303,3012,0.0833611
0,303,3283,3825,0.177683
0,1116,574,845,0.0335069
0,2470,3554,1658,0.812493
0,32,4096,1658,0.0549158
0,2470,32,1387,0.0219272
0,32,3012,3825,0.084725
0,2199,3825,3825,1.72812
0,1658,32,303,0.00334882
0,2470,2199,1929,0.5759
0,574,1387,2199,0.0993949
0,845,845,3012,0.137796
0,1387,3554,2470,0.717575
0,3825,1116,574,0.16557
0,574,3825,303,0.0418434
0,2741,303,1929,0.0948367
0,303,3012,2470,0.171568
0,3554,1116,303,0.0677266
0,32,574,32,0.000775842
0,845,2199,4096,0.405401
0,3283,1929,2470,0.923268
0,2199,1658,3554,0.732596
0,3283,3283,32,0.0597494
0,1658,2199,3283,0.695857
0,574,32,1658,0.00666415
0,1387,2741,1387,0.268731
0,574,3554,1387,0.153613
0,1387,1387,1116,0.122742
0,303,1387,3825,0.0958413
0,2741,3283,845,0.44479
0,1116,2470,3554,0.515678
0,2470,2470,3012,1.00701
0,1929,3012,574,0.19277
0,32,2741,4096,0.0622359
0,3283,574,303,0.0342627
0,3012,1929,2470,0.865641
0,3012,2741,574,0.335572
0,1387,574,2741,0.123354
0,303,3554,3554,0.209597
0,2741,1116,3825,0.744823
0,1116,303,574,0.0126751
0,2470,3825,1929,1.03932
0,32,3825,1387,0.0380877
0,2470,303,1658,0.0827146
0,1658,845,32,0.00809402
0,4096,32,3012,0.105118
0,574,1116,3012,0.117449
0,3283,845,1929,0.381542
0,3825,1929,845,0.340465
0,2741,32,1116,0.0180501
0,1116,3283,2199,0.436342
0,3554,1387,574,0.181765
0,1929,32,3825,0.0552647
0,32,303,303,0.000931397
0,845,2470,32,0.00998345
0,3825,3554,3554,2.67312
0,1658,3012,3554,0.941823
0,574,845,1929,0.0594095
0,1387,3012,574,0.147098
0,574,3283,1658,0.181201
0,1387,1658,1387,0.199585
0,303,1658,4096,0.143058
0,1929,2199,845,0.20078
0,32,2470,3825,0.0545664
0,3283,303,32,0.00526757
0,4096,2470,303,0.228841
0,3283,3825,2470,1.61786
0,4096,1116,1658,0.399093
0,3012,1116,2199,0.450791
0,3012,3012,303,0.164559
0,1387,845,3554,0.231232
0,1116,3012,1116,0.213045
0,303,3825,3283,0.242806
0,2741,1929,4096,1.18569
0,1116,32,1387,0.0102185
0,2470,4096,32,0.0471247
0,845,3825,3283,0.570099
0,32,3554,1116,0.0300764
0,2470,574,1929,0.17443
0,3825,3554,1387,0.990091
0,574,1929,2741,0.174602
0,3012,3283,3554,1.90671
0,1387,4096,1929,0.569765
0,1116,845,2470,0.132642
0,3554,1658,845,0.247015
0,1929,303,2470,0.0913505
0,32,32,3825,0.00224985
0,845,1658,303,0.0233546
0,2199,4096,574,0.320498
0,2199,1116,3012,0.396072
0,574,574,32,0.0018961
0,1387,3283,845,0.194764
0,574,4096,1929,0.256595
0,303,1929,2199,0.0718025
0,2741,3825,3554,2.19872
0,1116,1116,574,0.0412781
0,1929,574,1387,0.0932155
0,2470,3012,1387,0.618194
0,1929,2470,1116,0.36093
0,845,303,2741,0.0455659
0,3283,32,1929,0.0516283
0,4096,3825,32,0.0763137
0,3012,2199,32,0.0339014
0,3825,574,303,0.0329896
0,303,1116,574,0.0128872
0,1116,2741,1929,0.362355
0,303,4096,3012,0.13739
0,1116,1929,1116,0.149589
0,32,1929,2741,0.0442741
0,2470,2199,303,0.0763274
0,32,3283,845,0.0197985
0,3554,303,1658,0.112255
0,1658,3554,3825,1.29327
0,2199,32,32,0.0014727
0,3012,1658,845,0.22769
0,574,1658,1387,0.077564
0,1387,32,1658,0.0155462
0,3825,303,1387,0.108035
0,2741,574,574,0.0575568
0,1116,574,2741,0.111683
0,3554,1929,3283,1.32681
0,1929,1658,2199,0.403531
0,32,4096,4096,0.0922608
0,845,1929,574,0.0552359
0,1929,3554,303,0.115089
0,2199,3825,303,0.130709
0,3283,1116,1116,0.192816
0,4096,574,1929,0.255682
0,2199,845,2741,0.320405
0,1658,2741,2470,0.579318
0,574,1387,303,0.0132537
0,1387,3554,32,0.0235954
0,303,32,2470,0.00504597
0,2741,303,3283,0.127281
0,1116,3825,2199,0.601125
0,303,3012,32,0.00502329
0,1929,845,1658,0.159762
0,2470,1116,1116,0.172445
0,32,2199,2199,0.0284552
0,1658,1116,3825,0.397065
0,3012,574,3825,0.433203
0,1387,1387,4096,0.382128
0,303,1387,303,0.00710398
0,1116,2470,1658,0.25485
0,303,2199,2741,0.0766535
0,3554,32,2199,0.0407874
0,32,1658,2470,0.0279331
0,2470,2470,574,0.208185
0,845,3283,3825,0.620533
0,32,3012,574,0.0117368
0,2199,2741,2741,0.855113
0,1658,3283,3554,0.998653
0,3012,1929,32,0.0239011
0,574,2470,1116,0.0962792
0,1387,303,1387,0.0361346
0,3825,32,1658,0.0356175
0,2741,1387,845,0.179881
0,1116,303,3012,0.0687181
0,3554,2199,3554,1.67753
0,32,3825,3283,0.0697797
0,845,1116,845,0.0460458
0,2199,3554,32,0.042638
0,2199,574,2470,0.201027
0,574,1116,574,0.0225905
0,1387,3825,303,0.0782015
0,574,3825,4096,0.484141
0,303,303,2741,0.0154452
0,2741,32,4096,0.0743304
0,1116,3554,2470,0.625377
0,1929,32,1929,0.0281224
0,2470,1387,1929,0.387203
0,1929,4096,1658,0.722956
0,3283,1658,1387,0.404447
0,3283,3283,3825,2.38529
0,3012,845,3554,0.521104
0,1387,1658,3825,0.590842
0,303,1658,32,0.0027577
0,1116,2199,303,0.0431749
0,303,2470,2470,0.107489
0,3554,303,3012,0.218419
0,32,1387,2199,0.0194619
0,2470,2741,845,0.315908
0,3554,3283,32,0.0568914
0,32,2741,303,0.00951851
0,1658,4096,3283,2.16134
0,3012,1116,303,0.0480773
0,3825,3825,32,0.0731734
0,574,2199,1929,0.131539
0,1387,574,1116,0.0555396
0,2741,3012,2470,1.23173
0,2741,1116,32,0.0150237
0,1116,32,3283,0.0248129
0,3554,303,2199,0.155365
0,1929,1116,2741,0.338189
0,32,3554,3554,0.0982115
0,845,1387,1116,0.0792267
0,4096,32,1387,0.0342184
0,2199,303,2199,0.0998774
0,574,1929,845,0.0559536
0,303,574,3012,0.0323539
0,2741,845,3825,0.436216
0,1116,3283,1658,0.352103
0,1929,303,32,0.00355811
0,2470,1658,1658,0.373934
0,3283,1387,1116,0.287141
0,1658,1658,2199,0.345562
0,3825,574,2470,0.330716
0,3012,32,3283,0.0622179
0,2741,1658,1387,0.365633
0,303,1929,1929,0.0640406
0,1116,4096,32,0.0233872
0,3554,3283,3283,2.44896
0,303,2741,2199,0.108373
0,3554,574,2741,0.29235
0,32,1116,4096,0.0278868
0,845,2741,2199,0.316283
0,32,2470,32,0.00352808
0,845,303,303,0.00459567
0,1658,1387,574,0.0788797
0,2199,2199,1116,0.335534
0,3012,1387,1658,0.401651
0,3825,2470,303,0.245101
0,574,3012,1658,0.137641
0,3283,574,1929,0.207087
0,1387,845,845,0.0600056
0,2741,1929,303,0.0813933
0,1116,1929,3554,0.41609
0,32,1929,845,0.0109017
0,1929,1387,1387,0.206332
0,32,3283,2741,0.0617244
0,845,574,1387,0.0382432
0,4096,303,574,0.0438489
0,574,1658,3283,0.187587
0,1387,32,4096,0.028207
0,2741,2470,32,0.0347095
0,303,845,1116,0.0174272
0,2741,574,2470,0.216804
0,1116,845,1929,0.112219
0,1929,1658,303,0.0569966
0,2470,1929,303,0.070474
0,32,3012,3554,0.0778376
0,1658,303,2470,0.0708342
0,1658,2741,32,0.0266732
0,3012,303,845,0.046325
0,845,845,3283,0.156919
0,1387,1929,2199,0.342947
0,303,32,1658,0.00347888
0,1116,3825,845,0.20241
0,3554,845,3554,0.635713
0,32,845,3825,0.0229179
0,2470,1116,3554,0.579682
0,845,3012,3012,0.417626
0,1658,1116,303,0.030913
0,2199,1929,1387,0.349377
0,1658,2470,2741,0.701671
0,574,303,2199,0.0240477
0,3012,574,1929,0.201295
0,3825,2199,574,0.273577
0,574,2741,303,0.0283047
0,1387,1116,574,0.0548696
0,4096,1658,1387,0.724498
0,1929,1929,2741,0.574745
0,3554,32,303,0.00660093
0,32,1658,32,0.00225037
0,845,3283,1929,0.270069
0,1929,2741,1116,0.368063
0,32,3012,3012,0.0650991
0,845,845,1658,0.067915
0,4096,3012,2199,1.51255
0,2199,2741,1387,0.461934
0,3283,2199,32,0.0481713
0,2199,32,3825,0.0715721
0,574,2470,3554,0.327978
0,1387,303,3283,0.0751633
0,2741,2199,845,0.309324
0,303,3283,1387,0.0884544
0,2741,1387,2199,0.493913
0,1116,574,1116,0.0407503
0,1929,1929,574,0.117964
0,2470,32,32,0.0014744
0,1929,3554,4096,1.52949
0,2470,574,4096,0.366455
0,1658,32,2741,0.030712
0,3012,3825,574,0.415245
0,3825,1116,1929,0.474337
0,574,3825,1658,0.192198
0,303,303,1387,0.0082042
0,1116,3554,574,0.1411
0,303,3012,3825,0.186328
0,3554,1116,3283,0.723301
0,32,574,3554,0.0131013
0,2470,1387,3825,0.743581
0,845,2199,2741,0.269061
0,1658,1929,32,0.0160675
0,574,32,3012,0.0119146
0,3012,845,1116,0.156475
0,3825,3012,845,0.51709
0,574,3554,32,0.0106462
0,1387,1387,303,0.0314334
0,3554,303,574,0.0423834
0,32,1387,303,0.00464352
0,845,3554,32,0.0153657
0,32,2741,2199,0.0421852
0,845,32,1929,0.0111259
0,4096,2199,2470,1.20294
0,3283,4096,303,0.184206
0,4096,1929,32,0.049563
0,574,2199,3825,0.305679
0,1387,574,3554,0.177295
0,2741,3012,574,0.22206
0,303,3554,1658,0.10359
0,2741,1116,3012,0.615252
0,1116,303,1387,0.0293924
0,1929,1116,845,0.108846
0,2470,303,845,0.0392283
0,1658,845,3012,0.272095
0,4096,32,3825,0.0945138
0,3825,1929,1658,0.697115
0,303,574,1116,0.013173
0,32,303,3283,0.0062695
0,845,2470,1387,0.159116
0,1658,1658,1929,0.330021
0,2199,1387,1929,0.314985
0,574,845,2741,0.0762676
0,3012,32,1387,0.024649
0,3825,2741,3283,1.89391
0,574,3283,845,0.0912699
0,1387,1658,32,0.0123011
0,3554,2470,1929,0.956897
0,3554,574,845,0.107496
0,32,1116,1658,0.0117927
0,845,2741,303,0.0365554
0,32,2470,2470,0.0392608
0,3283,303,3012,0.162792
0,3283,3825,574,0.419432
0,4096,1116,303,0.0585755
0,1387,2199,845,0.151765
0,1387,845,2741,0.199349
0,2741,2741,1387,0.554257
0,1116,3012,3012,0.619899
0,303,3825,1929,0.127719
0,2741,1929,2741,0.852863
0,1116,32,574,0.00425723
0,1929,1387,3283,0.490084
0,2470,574,574,0.0478492
0,4096,2741,32,0.0602442
0,1658,574,1116,0.0639995
0,4096,303,2470,0.131601
0,3012,3283,32,0.0398346
0,3825,1658,303,0.0874788
0,303,845,3012,0.0462944
0,1116,845,3283,0.168971
0,2470,3283,303,0.110712
0,32,32,845,0.000557461
0,845,1658,1116,0.0888792
0,1658,303,1658,0.04522
0,2199,1116,32,0.0130684
0,574,574,3554,0.0722024
0,3012,303,2741,0.117446
0,574,4096,574,0.0590944
0,2741,3825,574,0.260304
0,1116,1116,1929,0.141882
0,3554,845,1116,0.190159
0,1929,574,2199,0.15536
0,32,845,1929,0.0107844
0,845,3012,574,0.0967321
0,1929,2470,303,0.0827216
0,845,303,4096,0.0556423
0,3283,32,3283,0.0907452
0,2199,1929,2741,0.694771
0,3283,3554,845,0.533371
0,574,303,303,0.00343637
0,1387,2470,32,0.0169943
0,574,2741,2199,0.202782
0,1387,1116,3012,0.253444
0,303,1116,2470,0.0528291
0,2741,3554,1116,0.610251
0,1116,2741,2199,0.386383
0,303,4096,32,0.00754826
0,1116,1929,845,0.0980313
0,1658,3554,1387,0.417202
0,2199,32,1387,0.0214556
0,3012,1658,1658,0.43703
0,3012,3554,1929,1.1518
0,3825,303,32,0.00693557
0,303,3283,2741,0.169691
0,1116,574,4096,0.194473
0,1116,1658,3283,0.319841
0,2470,3554,574,0.290525
0,3554,1929,303,0.090125
0,32,4096,574,0.0136655
0,2470,32,2470,0.0418449
0,845,1929,1929,0.184719
0,1929,3554,1658,0.722224
0,2199,3825,2741,1.18333
0,1658,32,1387,0.0150997
0,2199,845,303,0.0290431
0,3012,3825,3012,1.82491
0,3825,1116,3825,0.904902
0,2741,303,845,0.0423156
0,303,3012,1387,0.0711962
0,3554,1116,1387,0.318795
0,1929,845,3012,0.315149
0,32,574,1116,0.00434071
0,845,2199,845,0.0859348
0,32,2199,3554,0.0562651
0,2199,1658,2470,0.502798
0,574,32,574,0.00243316
0,1387,2741,303,0.0643853
0,574,3554,2470,0.256901
0,1387,1387,2199,0.208785
0,303,1387,2741,0.0630332
0,2741,3283,1929,0.977434
0,1116,2470,2470,0.399758
0,303,2199,303,0.0117615
0,1116,1658,32,0.0093279
0,2470,2470,4096,1.52684
0,1929,3012,3825,1.22267
0,1658,3283,1658,0.467516
0,3012,1929,1387,0.458435
0,3012,2741,1658,0.706881
0,3825,32,845,0.0218483
0,2741,2199,3554,1.28311
0,303,3554,2470,0.148031
0,1116,303,3825,0.0791498
0,2470,3825,845,0.382573
0,3554,2199,32,0.0454957
0,1116,1387,2199,0.194122
0,32,3825,303,0.0122667
0,2470,303,2741,0.109666
0,845,1116,1658,0.0918559
0,3283,574,2741,0.294194
0,1658,845,1116,0.0964419
0,2199,574,574,0.0430387
0,574,1116,4096,0.132754
0,1387,3825,3283,0.930275
0,2741,32,32,0.00193396
0,3554,1387,1658,0.387199
0,1929,32,2741,0.0374335
0,32,303,1387,0.00293273
0,845,2470,3283,0.366787
0,3283,1658,3825,1.20034
0,2199,1387,2199,0.380516
0,3825,574,1658,0.210534
0,574,845,845,0.0252161
0,3283,574,3554,0.349656
0,574,3283,2741,0.280612
0,1387,1658,2470,0.305617
0,303,1658,3012,0.0937959
0,1116,2199,3825,0.523794
0,303,2470,574,0.0245714
0,1116,1387,303,0.0255282
0,1116,1658,2741,0.307184
0,2470,2741,3825,1.54371
0,1658,4096,1929,0.784685
0,3012,1116,1116,0.230439
0,3825,3825,3554,2.84112
0,845,32,3554,0.0193966
0,3825,845,574,0.11502
0,2741,3012,3283,1.57078
0,845,3283,3012,0.498819
0,1116,3012,32,0.017656
0,303,3825,2199,0.141658
0,1116,32,2470,0.0159646
0,845,3825,2199,0.383547
0,32,3554,32,0.00475248
0,2470,845,2741,0.321657
0,845,1387,303,0.0213317
0,1658,574,3012,0.168407
0,2199,303,845,0.0347137
0,3825,3554,303,0.260329
0,574,1929,3825,0.292895
0,2741,1929,32,0.0231446
0,1387,4096,845,0.287803
0,3825,1658,2199,0.731589
0,3554,3825,2741,2.09582
0,2741,845,303,0.04245
0,3554,1658,1929,0.647186
0,1929,303,3554,0.134408
0,32,32,2741,0.00176612
0,845,1658,3554,0.296399
0,1929,3283,574,0.19929
0,574,574,1116,0.0236182
0,574,4096,3012,0.388347
0,303,1929,3283,0.101219
0,303,2741,845,0.0390471
0,3554,574,3554,0.424226
0,1929,574,303,0.0166783
0,2470,3012,303,0.0878171
0,1929,2470,2199,0.62629
0,845,303,1658,0.0249816
0,1658,1387,2470,0.308027
0,1658,3825,32,0.0323976
0,3012,1387,845,0.201611
0,3554,2470,1387,0.63802
0,3012,2199,1116,0.414073
0,2741,2741,3012,1.17344
0,1116,2741,845,0.159672
0,303,4096,4096,0.281481
0,1116,1929,2199,0.297502
0,3554,2470,1116,0.564565
0,32,1929,1658,0.0211873
0,2470,2199,1387,0.460527
0,845,4096,3012,0.538038
0,32,3283,1929,0.0465714
0,845,574,32,0.00290609
0,3825,3283,574,0.384644
0,574,1658,303,0.0171527
0,1116,1658,3825,0.423855
0,1387,32,574,0.00565373
0,3825,303,2470,0.18719
0,2741,2470,1929,0.770924
0,2741,574,1658,0.154542
0,3554,1929,2199,0.810914
0,32,4096,3012,0.0574751
0,845,1929,3825,0.37514
0,3283,1116,32,0.0198458
0,4096,574,845,0.130142
0,2199,845,3825,0.374463
0,1658,2741,1387,0.320601
0,574,1387,1387,0.067972
0,1387,3554,1116,0.326454
0,1387,1929,3554,0.535248
0,303,32,3554,0.00714178
0,2741,303,2199,0.10763
0,1116,3825,3283,0.815141
0,3554,845,2741,0.499686
0,1929,845,574,0.0553326
0,2470,1116,32,0.0146039
0,32,2199,1116,0.0163546
0,1658,1116,2741,0.299215
0,1658,2470,303,0.0660171
0,574,303,4096,0.0418267
0,3012,574,574,0.0588172
0,1116,2470,574,0.0956666
0,2741,1658,845,0.312088
0,3554,32,1116,0.0267055
0,32,1658,1387,0.0166842
0,2470,2470,1658,0.555042
0,845,3283,2741,0.477161
0,32,3012,1658,0.0390848
0,845,845,845,0.0343146
0,2199,2741,3825,1.21229
0,1658,3283,2470,0.8012
0,574,2470,32,0.00832366
0,1387,303,303,0.0074944
0,3825,32,2741,0.0616756
0,2741,2199,1116,0.364346
0,3283,574,1116,0.107687
0,3554,2199,2470,1.18182
0,32,3825,2199,0.0641056
0,845,1116,4096,0.213699
0,3283,3012,303,0.173781
0,4096,845,32,0.0188741
0,2199,574,3554,0.275336
0,574,1116,1658,0.0595293
0,1387,3825,1387,0.402323
0,303,303,3825,0.021652
0,2741,32,3012,0.0503642
0,1116,3554,3554,0.745129
0,1929,32,845,0.0111499
0,2470,1387,845,0.163698
0,3554,4096,574,0.444269
0,1658,1929,3012,0.496361
0,3283,3283,2741,1.52786
0,1658,2199,574,0.156915
0,574,32,3283,0.0129374
0,3012,845,303,0.0459219
0,2741,3283,2470,1.22405
0,1116,2199,1387,0.209837
0,303,2470,3554,0.196668
0,3554,303,1929,0.126362
0,32,1387,1116,0.0106496
0,32,2741,1387,0.0253448
0,845,32,574,0.00301883
0,4096,2199,3283,1.448
0,845,4096,2741,0.5022
0,574,2199,845,0.0587699
0,3012,3012,3283,1.68594
0,1387,574,32,0.00431792
0,3825,845,3012,0.560278
0,2741,1116,1116,0.193775
0,845,3825,303,0.0479996
0,1929,1116,3825,0.490285
0,32,3554,2470,0.049145
0,845,1387,2199,0.156244
0,3283,2741,574,0.338713
0,4096,32,303,0.00788514
0,2199,303,3283,0.111467
0,574,1929,1929,0.135752
0,303,574,4096,0.0426018
0,2741,845,2741,0.357508
0,1116,3283,574,0.126538
0,1929,303,1116,0.0359036
0,2470,1658,574,0.140429
0,1929,3283,3012,1.1269
0,1658,1658,3283,0.476767
0,1658,3012,845,0.270681
0,574,845,3554,0.112014
0,3012,32,32,0.00178176
0,3825,2741,303,0.177167
0,1116,4096,1116,0.294466
0,303,2741,3283,0.114317
0,3554,574,1658,0.179742
0,32,1116,845,0.00677293
0,845,2741,3283,0.45733
0,32,2470,1116,0.0176535
0,3283,303,3825,0.284525
0,4096,2470,3012,1.66357
0,2199,2199,32,0.0265536
0,1658,3825,4096,1.42214
0,1387,2199,1658,0.283553
0,3825,2470,1387,0.798193
0,574,3012,574,0.0623513
0,3012,2199,3554,1.28818
0,1387,845,1929,0.124955
0,2741,2741,574,0.261688
0,1116,3012,3825,0.690855
0,845,4096,574,0.108782
0,1929,1387,303,0.0445351
0,32,3283,3825,0.0974259
0,845,574,2470,0.0742377
0,1929,3825,32,0.0338689
0,3283,2470,845,0.352641
0,4096,303,1658,0.104568
0,574,1658,2199,0.120563
0,1387,32,3012,0.0288964
0,303,845,32,0.0015414
0,2741,574,3554,0.331722
0,1116,845,845,0.0488589
0,2470,3283,1116,0.546729
0,3554,1658,2470,0.85628
0,1929,1658,1387,0.248037
0,2470,1929,1387,0.376072
0,1658,303,3554,0.112665
0,574,574,2741,0.0562514
0,3012,303,4096,0.254603
0,3825,1387,32,0.0294842
0,1387,1929,1116,0.177484
0,2741,3825,1929,1.10457
0,1116,1116,3283,0.239497
0,3554,845,303,0.0493423
0,1929,574,4096,0.239462
0,32,845,574,0.00360902
0,845,3012,4096,0.691591
0,3283,32,2470,0.0519776
0,2199,1929,303,0.0626477
0,4096,1387,845,0.287195
0,574,303,1116,0.0124109
0,1387,2470,1387,0.29089
0,574,2741,1387,0.122759
0,1387,1116,1658,0.133253
0,303,1116,3283,0.0639802
0,2741,3554,845,0.445153
0,1116,2741,3554,0.543318
0,1658,2470,1387,0.319127
0,845,845,2470,0.104175
0,2470,2199,3012,0.993309
0,845,3283,845,0.133894
0,1929,2741,32,0.0317207
0,2470,845,574,0.0662622
0,845,845,2741,0.108347
0,2199,32,2741,0.0393668
0,3825,3283,3283,2.33329
0,574,2470,2470,0.17107
0,1387,303,2199,0.0586547
0,303,3283,303,0.016518
0,1116,574,32,0.00385787
0,2470,3554,1929,0.893959
0,1929,1929,1658,0.328514
0,2470,32,1116,0.0209672
0,2199,3825,4096,1.82992
0,1658,32,3825,0.043661
0,4096,845,3012,0.70647
0,3554,2470,303,0.218669
0,574,1387,3012,0.151876
0,2741,1658,3283,0.737506
0,3825,1116,845,0.234883
0,574,3825,574,0.0771298
0,2741,303,1658,0.0798189
0,845,3554,3283,0.607038
0,303,3012,2741,0.166442
0,3554,32,4096,0.0938895
0,3554,1116,32,0.0175164
0,1929,845,3283,0.298982
0,32,574,303,0.00186642
0,3283,1929,2199,0.731904
0,2199,1658,574,0.122807
0,3283,3283,303,0.152643
0,3825,574,845,0.107412
0,1658,2199,3554,0.695249
0,574,32,1929,0.00778747
0,1387,2741,1116,0.231239
0,3283,574,3825,0.44736
0,574,3554,1116,0.126139
0,1387,1387,1387,0.196849
0,303,1387,4096,0.13281
0,2741,3283,32,0.0403057
0,1116,2470,3283,0.510225
0,2470,2470,2199,0.676953
0,1929,3012,845,0.292534
0,32,2741,3283,0.0641881
0,845,32,3012,0.0175394
0,4096,1929,1116,0.436656
0,574,2199,2741,0.200049
0,1387,574,2470,0.122856
0,845,3283,1658,0.237849
0,303,3554,574,0.037719
0,1116,303,303,0.00613716
0,2470,3825,1658,0.908046
0,1929,1116,1929,0.214526
0,2470,303,1929,0.0828119
0,2470,845,1929,0.200966
0,4096,1658,3554,1.48222
0,4096,32,2741,0.0526146
0,574,1116,2199,0.083718
0,3825,1929,574,0.206891
0,2741,32,1387,0.0239837
0,1116,3283,2470,0.552916
0,1929,32,3554,0.0418689
0,32,303,32,0.000371136
0,2470,1658,3012,0.745137
0,845,2470,303,0.0379552
0,4096,1387,2741,0.830497
0,2199,1387,845,0.147101
0,1658,3012,3283,0.902391
0,574,845,1658,0.0479573
0,1387,3012,845,0.197814
0,3825,2741,2199,1.25244
0,574,3283,1929,0.189276
0,1116,1387,2741,0.261593
0,1387,1658,1116,0.144862
0,3554,2741,2470,1.31194
0,303,1658,3825,0.108183
0,2741,4096,303,0.111212
0,1116,2199,3012,0.377291
0,2470,2741,2470,1.01921
0,845,2741,1387,0.196502
0,1929,2199,574,0.154125
0,32,2470,3554,0.054545
0,3283,303,1929,0.133676
0,4096,2470,574,0.359749
0,4096,1116,1387,0.340413
0,3012,1116,4096,0.801981
0,3825,3825,2741,2.19331
0,574,3012,3012,0.258613
0,1116,3012,1929,0.38514
0,303,3825,845,0.0612056
0,845,4096,1387,0.243285
0,1116,32,1658,0.0127351
0,2470,4096,303,0.100079
0,845,3825,4096,0.866974
0,2470,574,1658,0.127205
0,2199,3283,2470,0.969674
0,1658,574,32,0.00569072
0,4096,303,3554,0.269648
0,3825,3554,1116,0.843081
0,574,1929,2470,0.162595
0,3825,1658,1387,0.501996
0,2741,845,1116,0.143052
0,1116,845,2199,0.12222
0,3554,1658,574,0.232304
0,1929,303,2741,0.0970421
0,32,32,4096,0.00313131
0,845,1658,32,0.008384
0,3283,1387,2741,0.659022
0,2199,1116,1116,0.152994
0,574,574,303,0.00619263
0,1387,3283,574,0.149022
0,3825,1387,2470,0.764475
0,574,4096,1658,0.220169
0,303,1929,2470,0.0863029
0,1116,4096,2741,0.719862
0,1116,1116,845,0.0612129
0,1929,574,1116,0.0722192
0,845,3012,1658,0.212699
0,1929,2470,1387,0.366119
0,845,303,3012,0.0488317
0,3283,32,32,0.00182096
0,3283,3554,1929,1.38955
0,3825,2470,3012,1.54176
0,574,2741,3283,0.3032
0,3825,574,574,0.0746695
0,303,1116,1387,0.0278358
0,3554,845,3825,0.618768
0,1116,2741,1116,0.200587
0,303,4096,1116,0.0826306
0,1116,1929,1929,0.232879
0,32,1929,3554,0.0365126
0,2470,2199,32,0.0262047
0,3554,2741,1387,0.730019
0,1929,2741,2470,0.712308
0,1658,3554,303,0.0931938
0,2199,32,303,0.00459274
0,3012,1658,574,0.196007
0,574,1658,1658,0.0895458
0,3825,303,1116,0.0928503
0,2741,574,845,0.0791028
0,1116,574,3012,0.107335
0,3554,1929,3554,1.33415
0,32,4096,3825,0.0971176
0,2470,32,3554,0.0648143
0,845,1929,845,0.0738893
0,1929,3554,574,0.202821
0,2199,3825,1658,0.737405
0,3283,1116,1387,0.300403
0,2199,845,1387,0.142025
0,1658,2741,2741,0.805878
0,574,1387,32,0.00454198
0,1387,3554,303,0.0850275
0,3825,1116,2741,0.62023
0,303,32,2199,0.00415057
0,2741,303,4096,0.202614
0,303,3012,303,0.0140883
0,1929,845,1929,0.166584
0,2470,1116,1929,0.268662
0,845,2199,1929,0.211001
0,32,2199,2470,0.0377741
0,3283,1929,303,0.100731
0,1658,1116,4096,0.458585
0,3012,2470,303,0.141097
0,3012,574,2470,0.280213
0,3825,2199,2199,1.02567
0,3012,2470,32,0.0431325
0,1387,1387,3283,0.36431
0,303,1387,1658,0.0396624
0,1116,2470,1387,0.220792
0,303,2199,1387,0.057746
0,3554,32,3012,0.0777139
0,32,1658,3825,0.0403827
0,2470,2470,845,0.287214
0,3554,3012,574,0.304458
0,2199,2741,3012,1.01108
0,1658,3283,574,0.17646
0,3012,1929,303,0.0788538
0,574,2470,1929,0.14238
0,3825,32,1929,0.051694
0,2741,1387,574,0.125765
0,1116,303,2741,0.0564869
0,3554,2199,3283,1.42157
0,1929,1929,2199,0.421264
0,32,3825,3554,0.107117
0,2470,303,3825,0.195957
0,845,1116,574,0.0321549
0,2199,3554,1929,0.823001
0,4096,845,1387,0.275618
0,2199,574,1658,0.130891
0,574,1116,845,0.0323866
0,1387,3825,32,0.0328778
0,303,303,3012,0.0163845
0,2741,32,3283,0.0646953
0,1116,3554,2199,0.479547
0,4096,1387,2199,0.694836
0,1929,32,1658,0.0196143
0,3554,4096,1929,1.43061
0,845,2470,2199,0.25642
0,1929,4096,1929,0.778392
0,3283,1658,574,0.189934
0,3012,845,2741,0.377829
0,574,3283,3825,0.508835
0,1387,1658,3554,0.450435
0,303,1658,1929,0.0549398
0,1116,2199,574,0.0932722
0,303,2470,1658,0.0708146
0,1116,1387,1387,0.125586
0,32,1387,4096,0.038492
0,2470,2741,574,0.224378
0,1929,2199,3012,0.669357
0,1658,4096,845,0.277119
0,3012,1116,32,0.0167109
0,3825,3825,303,0.351519
0,574,2199,1116,0.0844825
0,3825,845,1658,0.3215
0,2741,3012,2199,1.0276
0,2741,1116,303,0.0596967
0,1116,32,3554,0.0276631
0,845,3825,1116,0.182953
0,1929,1116,2470,0.311539
0,32,3554,3283,0.0673741
0,3283,574,3012,0.354712
0,845,1387,1387,0.101613
0,2199,3283,32,0.0441148
0,4096,32,1116,0.0254161
0,2199,303,1929,0.07223
0,574,1929,574,0.0388268
0,303,574,2741,0.0305794
0,2741,845,3554,0.422482
0,1116,3283,1929,0.36396
0,3012,2470,2741,1.18369
0,1929,303,303,0.0102241
0,2470,1658,1387,0.312615
0,845,1658,2470,0.186148
0,1929,3283,1658,0.566095
0,3283,1387,845,0.247905
0,3012,32,3012,0.0515793
0,3825,2741,1658,0.903993
0,303,1929,32,0.0034379
0,1116,4096,845,0.216859
0,303,2741,1929,0.104965
0,3554,574,2470,0.306302
0,32,1116,2199,0.0186509
0,3554,3554,32,0.068728
0,845,303,574,0.00905593
0,1658,1387,1387,0.177627
0,2199,2199,1387,0.383619
0,1658,3825,1116,0.392417
0,3825,2470,32,0.0441987
0,574,3012,1387,0.163229
0,3283,574,574,0.0594347
0,1116,1929,3283,0.396559
0,1658,1387,2741,0.332275
0,32,1929,574,0.00794508
0,3554,303,3283,0.182267
0,845,4096,1929,0.358712
0,1929,1387,1658,0.260997
0,32,3283,3012,0.0777348
0,845,574,1116,0.0347075
0,2199,3012,303,0.113025
0,3283,2470,1658,0.81887
0,4096,303,845,0.0537266
0,574,1658,3554,0.184895
0,1387,32,3825,0.0390866
0,3825,303,3554,0.283931
0,2741,2470,845,0.353489
0,303,845,1387,0.0226142
0,2741,574,2741,0.212806
0,1116,845,1658,0.0942269
0,2470,3283,3012,1.30122
0,1929,1658,32,0.0158767
0,2470,1929,574,0.150538
0,845,1929,2741,0.242239
0,32,3012,4096,0.0983687
0,3283,1116,3283,0.582166
0,1658,303,2199,0.066913
0,1658,2741,303,0.0694853
0,3012,303,1116,0.0638261
0,3825,1387,1929,0.56135
0,303,32,303,0.000583729
0,1116,3825,32,0.0233961
0,3554,32,2741,0.0692261
0,32,845,2470,0.0133757
0,2470,1116,3283,0.476675
0,3554,3825,303,0.243147
0,32,2199,32,0.00329472
0,1658,1116,1658,0.169681
0,2199,1929,1116,0.259508
0,1387,1116,3554,0.27124
0,574,303,3012,0.034028
0,3012,574,1658,0.178107
0,1387,2470,3825,0.710235
0,574,2741,574,0.0529011
0,3554,32,32,0.00207073
0,32,1658,303,0.00547076
0,3554,3012,2470,1.52538
0,1929,2741,1929,0.536958
0,32,3012,2741,0.058742
0,845,845,1929,0.0775162
0,2199,2741,574,0.205449
0,3283,2199,303,0.160035
0,2199,32,4096,0.0390872
0,574,2470,3283,0.247571
0,1387,303,3554,0.09593
0,3825,32,3825,0.0861129
0,2741,2199,32,0.034405
0,303,3283,1116,0.0593617
0,2741,1387,3012,0.646049
0,1116,574,1387,0.0552881
0,1929,1929,845,0.230675
0,2470,32,845,0.0150835
0,2470,845,1116,0.135547
0,1658,32,3012,0.0310809
0,4096,845,3283,0.632163
0,3012,3825,1387,0.870067
0,3825,1116,1116,0.277494
0,574,3825,1929,0.324514
0,303,303,574,0.00343246
0,1116,3554,303,0.070728
0,303,3012,4096,0.246795
0,845,3283,4096,0.629415
0,3554,1116,4096,1.0276
0,32,574,2741,0.0111134
0,845,2199,2470,0.259583
0,1929,4096,3825,1.53119
0,1658,1929,1929,0.339091
0,2199,1658,1929,0.351598
0,574,32,2199,0.00815039
0,3012,845,1387,0.191321
0,3825,3012,574,0.371795
0,574,3554,845,0.0886321
0,4096,1658,303,0.133514
0,2741,3283,3554,1.79416
0,3554,303,845,0.0630402
0,32,1387,32,0.00200601
0,845,3554,303,0.0586685
0,1929,3012,1116,0.349769
0,32,2741,2470,0.0548197
0,845,32,1658,0.0100718
0,2199,2470,845,0.274237
0,3283,4096,32,0.0544519
0,4096,1929,303,0.174737
0,574,2199,4096,0.318374
0,1387,574,3283,0.157497
0,2741,3012,303,0.127167
0,303,3554,1929,0.13486
0,2741,1116,2199,0.372406
0,1116,303,1116,0.0244459
0,2470,3825,2470,1.23324
0,1929,1116,574,0.0824413
0,2470,303,32,0.00448972
0,845,1387,3283,0.268938
0,1658,845,2741,0.230376
0,4096,32,3554,0.0766363
0,303,574,845,0.00945274
0,3554,1387,3283,0.929631
0,32,303,3012,0.00568419
0,845,2470,1658,0.190561
0,1658,1658,32,0.0153452
0,2199,1387,1658,0.277418
0,1658,3012,1929,0.520782
0,574,845,2470,0.0687486
0,3012,32,1116,0.0228501
0,1387,3012,2199,0.5839
0,574,3283,32,0.00957718
0,3554,574,574,0.0702987
0,845,845,4096,0.147933
0,32,1116,1929,0.0141762
0,845,2741,32,0.0132106
0,1929,2199,1387,0.335264
0,32,2470,2199,0.0374811
0,3283,303,2741,0.191142
0,2199,2199,3283,0.967749
0,3283,3825,845,0.636629
0,4096,1116,32,0.024205
0,1387,2199,574,0.110189
0,574,3012,3825,0.35388
0,1387,845,3012,0.209278
0,1116,3012,2741,0.48158
0,3012,3283,2470,1.53121
0,303,3825,1658,0.10507
0,2741,1929,2470,0.754274
0,1116,32,845,0.00605756
0,1929,1387,3554,0.578267
0,2470,574,303,0.0235522
0,845,574,3554,0.108382
0,4096,2741,845,0.493776
0,1658,574,1387,0.079847
0,4096,303,2741,0.171652
0,3012,3283,1929,1.08866
0,3825,1658,574,0.198702
0,303,845,3283,0.0584034
0,1116,845,4096,0.207878
0,2470,3283,32,0.0450205
0,32,32,1116,0.00071311
0,2470,1929,2470,0.695611
0,845,1658,1929,0.162764
0,1658,303,303,0.00972694
0,2199,1116,303,0.0406446
0,574,574,3825,0.0784722
0,3012,303,3012,0.165524
0,1387,3283,2470,0.570735
0,3825,1387,3283,0.902512
0,574,4096,303,0.0426462
0,1387,1929,32,0.0142193
0,2741,3825,845,0.455275
0,1116,1116,2199,0.172507
0,3554,845,1387,0.240072
0,1929,574,3012,0.19084
0,32,845,1658,0.0100864
0,845,3012,845,0.125796
0,1929,2470,574,0.161656
0,3283,32,3554,0.071588
0,2199,1929,3554,0.896601
0,574,303,32,0.00105323
0,1387,2470,303,0.0463537
0,574,2741,2470,0.244725
0,1387,1116,2741,0.243573
0,303,1116,2199,0.0456239
0,2741,3554,1929,1.01797
0,1116,2741,2470,0.410054
0,303,4096,303,0.0162231
0,1116,1929,574,0.0752337
0,1929,2741,3283,1.01339
0,3283,845,303,0.046717
0,4096,3012,32,0.0695539
0,1658,3554,1116,0.405133
0,2199,32,1658,0.0250708
0,3012,1658,2470,0.774987
0,3012,3554,32,0.0525432
0,3825,303,845,0.0566942
0,303,3283,3554,0.232867
0,1116,574,3283,0.12672
0,2470,3554,845,0.420339
0,3554,1929,574,0.215865
0,32,4096,1387,0.0367343
0,2470,32,2199,0.0395561
0,845,1929,1116,0.104144
0,1658,32,574,0.00647919
0,2199,845,32,0.0110849
0,574,1387,4096,0.18229
0,2741,303,574,0.0288529
0,303,3012,1658,0.0846435
0,3554,1116,1116,0.258787
0,1929,845,2199,0.200301
0,32,574,1387,0.00569285
0,845,2199,574,0.0675888
0,32,2199,3825,0.0586869
0,4096,4096,3554,3.42886
0,2199,1658,3825,0.799198
0,574,32,845,0.00329435
0,1387,2741,32,0.0226552
0,574,3554,2199,0.211684
0,1387,1387,2470,0.275089
0,303,1387,3012,0.0736236
0,2741,3283,1116,0.5895
0,1116,2470,2199,0.343384
0,303,2199,32,0.00393789
0,3554,32,3825,0.111763
0,2470,2470,3283,1.07261
0,1929,3012,4096,1.34329
0,845,32,4096,0.0197443
0,4096,2199,303,0.141017
0,3012,1929,2741,0.943458
0,3012,2741,303,0.146387
0,3825,32,32,0.00211654
0,303,3554,3825,0.211721
0,1116,303,3554,0.0780812
0,2470,3825,574,0.383772
0,3554,2199,845,0.336735
0,32,3825,1658,0.0414585
0,2470,303,3012,0.137234
0,845,1116,1387,0.0753106
0,1658,845,845,0.0685035
0,2199,574,845,0.0669731
0,574,1116,3283,0.138295
0,3012,4096,2470,1.65181
0,1387,3825,3012,0.899582
0,2741,32,303,0.00545982
0,3554,3825,1929,1.45969
0,3554,1387,1929,0.562077
0,1929,32,2470,0.0365524
0,32,303,1116,0.00235362
0,1929,4096,32,0.0346386
0,3283,1658,4096,1.12785
0,574,845,574,0.0179432
0,1387,1658,2199,0.274797
0,303,1658,2741,0.0735817
0,1116,2199,4096,0.598923
0,303,2470,845,0.0381561
0,3554,303,3554,0.25253
0,3012,2470,3012,1.17361
0,1929,2199,3825,0.97845
0,3283,303,845,0.0492739
0,4096,2470,1658,0.859121
0,3283,3825,2741,1.90549
0,4096,1116,2470,0.612337
0,3012,1116,3012,0.560392
0,3012,3012,574,0.255568
0,3825,845,303,0.0542581
0,1116,3012,845,0.146776
0,303,3825,4096,0.276211
0,1116,32,2741,0.0184784
0,2470,4096,1387,0.799324
0,3554,303,2470,0.166349
0,32,3554,1929,0.0472329
0,2470,574,2741,0.224001
0,845,1387,574,0.0408006
0,3554,2470,2470,1.18758
0,1658,574,3283,0.179336
0,2199,303,574,0.0240153
0,3825,3554,32,0.0762906
0,574,1929,3554,0.214499
0,1387,4096,1116,0.335913
0,2741,845,32,0.0146973
0,3554,1658,1658,0.539361
0,1929,303,3825,0.153068
0,32,32,3012,0.00197351
0,845,1658,3283,0.288639
0,1929,3283,303,0.0923605
0,2199,4096,303,0.132378
0,3283,1387,3825,1.04553
0,2199,1116,2199,0.305998
0,574,574,1387,0.0288978
0,1387,3283,1658,0.408902
0,574,4096,2741,0.396477
0,303,1929,3554,0.102717
0,303,2741,574,0.029637
0,3554,574,3283,0.412677
0,3554,32,2470,0.0548793
0,1929,574,32,0.00609337
0,2470,3012,574,0.239362
0,1929,2470,2470,0.639256
0,845,303,1929,0.0294649
0,3283,32,1116,0.0199046
0,1658,1387,2199,0.272451
0,3283,3554,3012,1.82536
0,1658,3825,303,0.10175
0,3012,2199,845,0.322234
0,303,1116,303,0.00561778
0,1116,2741,32,0.0149177
0,32,1929,2470,0.0351974
0,2470,2199,1116,0.342878
0,3554,2741,303,0.17459
0,32,3283,32,0.00458961
0,845,574,845,0.0259284
0,2199,3012,3283,1.13041
0,3825,3283,845,0.636812
0,574,1658,574,0.033929
0,1387,32,1387,0.0121316
0,3825,303,2199,0.161065
0,2741,2470,1658,0.5814
0,2741,574,1929,0.212164
0,1929,1658,4096,0.681799
0,32,4096,2741,0.0750931
0,845,1929,4096,0.400693
0,32,3012,3283,0.0742404
0,2199,3825,574,0.265788
0,3283,1116,303,0.0487378
0,4096,574,574,0.0803166
0,2199,845,2470,0.262427
0,1658,2741,1658,0.48456
0,574,1387,1116,0.0520198
0,845,845,3554,0.16871
0,1387,3554,1387,0.408012
0,3554,2741,574,0.297281
0,303,32,3283,0.00718767
0,2741,303,3012,0.158462
0,1116,3825,3554,0.941033
0,3554,845,3012,0.577306
0,1929,845,845,0.0763644
0,2470,1116,845,0.14458
0,32,2199,1387,0.0202518
0,3283,1929,1387,0.483931
0,1658,1116,3012,0.31579
0,4096,4096,1116,0.974465
0,1658,2470,32,0.0212929
0,574,303,3825,0.0445759
0,3012,574,3554,0.314569
0,4096,1658,1116,0.429454
0,303,1387,574,0.0154285
0,1116,2470,303,0.0459891
0,2741,1658,1116,0.267165
0,3554,32,1929,0.0356717
0,32,1658,2741,0.0360145
0,845,3283,2470,0.34838
0,32,3012,303,0.00979574
0,3283,845,4096,0.700999
0,2199,2741,4096,1.36329
0,574,2470,845,0.0706353
0,3012,2741,3825,1.6833
0,1387,303,1658,0.0433965
0,3825,32,3012,0.0976476
0,2741,2199,1387,0.425668
0,2741,1387,1658,0.361766
0,2470,3554,3554,1.68951
0,1929,1929,3283,0.70331
0,32,3825,2470,0.0739741
0,845,1116,3825,0.216046
0,2199,3554,845,0.403551
0,3283,3012,32,0.0563445
0,4096,845,303,0.0386409
0,2199,574,2741,0.213124
0,574,1116,1929,0.0692745
0,1387,3825,1116,0.331288
0,574,3825,3283,0.448269
0,303,303,4096,0.0267721
0,2741,32,2199,0.0454283
0,3554,1116,2741,0.652077
0,1929,32,574,0.00650081
0,2470,1387,32,0.0184936
0,3554,4096,845,0.740521
0,1658,2199,845,0.173228
0,574,32,3554,0.0137382
0,3012,845,3825,0.525339
0,3825,3012,3554,2.08592
0,303,1658,845,0.027131
0,1116,2199,1658,0.210326
0,303,2470,2741,0.106973
0,3554,303,1116,0.0959016
0,32,1387,3012,0.0315243
0,845,3554,3825,0.65993
0,32,2741,574,0.011281
0,845,32,303,0.00174422
0,574,2199,32,0.00707686
0,3012,3012,3554,1.93716
0,1387,574,1929,0.0895317
0,3825,845,2741,0.435421
0,2741,3012,1116,0.525034
0,2741,1116,1387,0.225508
0,2470,3825,3283,1.64444
0,845,3825,32,0.019722
0,1929,1116,3554,0.492148
0,32,3554,2199,0.0455545
0,845,1387,2470,0.174295
0,3283,2741,845,0.426424
0,4096,32,32,0.00221759
0,2199,303,3012,0.0983287
0,574,1929,1658,0.121055
0,303,574,3825,0.0389155
0,2741,845,2470,0.41268
0,1116,3283,845,0.171747
0,3554,1387,2470,0.790088
0,1929,303,1387,0.0493805
0,2470,1658,303,0.0616857
0,1929,3283,2741,0.924498
0,3283,1387,1929,0.508629
0,1658,3012,574,0.180148
0,574,845,3283,0.0866082
0,3012,32,4096,0.100838
0,3825,2741,574,0.313499
0,303,1929,1116,0.0416958
0,1116,4096,1929,0.480425
0,303,2741,3012,0.140011
0,3554,574,1387,0.204805
0,32,1116,3283,0.0240528
0,3554,3554,1116,0.799539
0,32,2470,845,0.0149513
0,3283,303,3554,0.189926
0,1658,1387,303,0.0358482
0,2199,2199,303,0.0839692
0,1658,3825,2199,0.759969
0,1387,2199,2470,0.39947
0,574,3012,303,0.0314946
0,3012,2199,3283,1.11497
0,1387,845,32,0.0064959
0,2741,2741,845,0.352359
0,4096,2741,303,0.178549
0,845,4096,845,0.169256
0,1929,1387,574,0.0961305
0,32,3283,4096,0.100109
0,845,574,2199,0.0608449
0,2199,3012,1387,0.474564
0,3283,2470,574,0.302806
0,4096,303,1929,0.104342
0,574,1658,2470,0.141202
0,1387,32,2741,0.024637
0,303,845,303,0.0044452
0,2741,574,3825,0.345748
0,1116,845,574,0.0342356
0,2470,3283,1929,0.90591
0,1929,1658,1116,0.209524
0,2470,1929,1658,0.454581
0,1658,303,3283,0.0944012
0,574,574,3012,0.0621544
0,3012,303,32,0.00513644
0,1387,1929,1387,0.206664
0,303,32,1387,0.00275769
0,1116,3825,1116,0.24993
0,1116,1116,3554,0.289502
0,3554,845,574,0.0966762
0,1929,574,3825,0.256324
0,32,845,3554,0.0191104
0,845,3012,3283,0.49372
0,3283,32,2741,0.0483552
0,1658,1116,574,0.0638158
0,2199,1929,32,0.0249217
0,4096,1387,1116,0.390706
0,574,303,1929,0.0210878
0,3825,2199,1929,0.951658
0,574,2741,1658,0.168878
0,1387,1116,303,0.0267048
0,303,1116,4096,0.078834
0,2741,3554,574,0.375641
0,2470,2199,2741,0.790923
0,845,3283,574,0.0888172
0,1929,2741,845,0.267767
0,2470,845,845,0.117582
0,3283,845,1116,0.184904
0,4096,3012,1387,0.90162
0,2199,2741,1658,0.517884
0,2199,32,3012,0.0400974
0,3012,1658,3283,1.19295
0,3825,3283,3554,2.49444
0,574,2470,2199,0.168253
0,1387,303,2470,0.05792
0,303,3283,32,0.00567627
0,2741,1387,4096,0.832127
0,1116,574,303,0.0116929
0,2470,32,1929,0.0255107
0,3283,3012,2470,1.34207
0,1658,32,4096,0.0513587
0,574,1387,2741,0.131141
0,3012,3825,303,0.22721
0,3825,1116,32,0.0200745
0,574,3825,845,0.110486
0,303,303,1658,0.00996583
0,1116,3554,1387,0.303617
0,303,3012,3012,0.152687
0,3554,1116,845,0.187598
0,32,574,3825,0.0171697
0,2470,1387,3012,0.614808
0,845,2199,3554,0.383494
0,3283,1929,3012,0.952263
0,1658,1929,845,0.157522
0,2199,1658,845,0.179438
0,3012,2470,1387,0.623238
0,1658,2199,2741,0.55993
0,574,32,1116,0.0043843
0,1387,2741,3012,0.640282
0,574,3554,1929,0.209207
0,1387,1387,574,0.0639841
0,303,1387,3283,0.0832095
0,2741,3283,303,0.145375
0,3554,3554,303,0.208445
0,845,3554,1387,0.228266
0,1929,3012,32,0.0349724
0,32,2741,3554,0.0676841
0,845,32,2741,0.0171873
0,4096,2199,1116,0.566591
0,2199,2470,1929,0.590796
0,3012,1929,4096,1.28403
0,574,2199,3012,0.213635
0,1387,574,2199,0.0957403
0,303,3554,845,0.050261
0,2741,1116,3283,0.569613
0,1116,303,32,0.00204318
0,3554,3554,3283,2.20302
0,3554,303,2741,0.190599
0,1929,1116,1658,0.189718
0,2470,303,1116,0.0457959
0,1658,845,3825,0.32493
0,4096,32,2470,0.0384069
0,574,1116,2470,0.0893964
0,3012,4096,574,0.297813
0,3825,1929,303,0.118686
0,303,574,1929,0.0195715
0,3554,1387,32,0.0259826
0,1929,32,3283,0.0424733
0,32,303,4096,0.00797505
0,2470,1658,2741,0.647991
0,845,2470,574,0.0752401
0,3283,1658,2199,0.69578
0,1658,1658,1116,0.176401
0,2199,1387,574,0.114731
0,3825,574,1929,0.236978
0,574,845,1387,0.0417554
0,1387,3012,3283,0.847933
0,574,3283,1116,0.125691
0,1387,1658,845,0.109977
0,303,1658,3554,0.094596
0,2741,4096,32,0.0579349
0,3554,3012,1116,0.655899
0,1116,1658,3012,0.302878
0,845,2741,1116,0.18202
0,1929,2199,303,0.0818301
0,32,2470,3283,0.0684712
0,3283,303,1658,0.110747
0,4096,2470,845,0.432235
0,845,3554,2470,0.478003
0,574,3012,2741,0.269491
0,845,32,3283,0.0178956
0,1387,845,4096,0.288985
0,1116,3012,1658,0.304869
0,303,3825,574,0.038383
0,2741,1929,3554,1.03235
0,1116,32,1929,0.0154373
0,2470,4096,574,0.281323
0,845,3825,3825,0.738269
0,1929,1387,2470,0.362287
0,2470,574,1387,0.115822
0,2199,3283,2741,1.13779
0,3283,574,4096,0.516636
0,1658,574,303,0.0163808
0,574,1929,2199,0.151153
0,1929,3825,3554,2.49498
0,3825,1658,1658,0.648173
0,303,845,2199,0.0366585
0,3554,1658,303,0.096239
0,1929,303,3012,0.0970228
0,32,32,32,0.000139562
0,845,1658,845,0.0716757
0,2741,1658,2741,0.681084
0,2470,2741,3554,1.34254
0,1658,303,1387,0.0438679
0,2199,1116,1387,0.202823
0,574,574,574,0.012099
0,845,845,3825,0.16126
0,3825,1387,2199,0.644454
0,574,4096,1387,0.177405
0,845,4096,1116,0.216097
0,303,1929,2741,0.0881481
0,2741,3825,4096,2.31717
0,1116,1116,1116,0.0827979
0,1929,574,1929,0.123701
0,845,3012,1929,0.245216
0,1929,2470,1658,0.44922
0,845,303,3283,0.0561187
0,3283,32,303,0.0064129
0,1658,1387,4096,0.576115
0,4096,3825,574,0.472947
0,574,2741,3554,0.304287
0,1387,1116,3825,0.348867
0,303,1116,1116,0.022314
0,1116,2741,1387,0.230496
0,303,4096,1387,0.0866865
0,1116,1929,1658,0.206117
0,32,1929,3283,0.044936
0,2470,2199,845,0.245323
0,3554,2741,1116,0.603184
0,1929,2741,2199,0.623664
0,1658,3554,32,0.027278
0,2199,32,574,0.0084281
0,3012,1658,1387,0.395004
0,3825,3283,1116,0.744857
0,574,1658,1929,0.102132
0,3012,3554,1116,0.622628
0,3825,303,1929,0.137055
0,2741,2470,3554,1.39215
0,303,3283,2470,0.142358
0,1116,574,2199,0.0791939
0,3554,1929,3825,1.50946
0,32,4096,303,0.0127675
0,2470,32,3283,0.0655529
0,845,1929,32,0.00975903
0,1929,3554,845,0.349647
0,845,3554,2199,0.390491
0,3283,1116,1658,0.383741
0,1658,32,1658,0.0176439
0,2199,845,1116,0.122821
0,1658,2741,3012,0.736794
0,574,1387,845,0.0397006
0,1387,3554,3825,0.949126
0,303,32,3012,0.0056744
0,2741,303,3825,0.197951
0,303,3012,574,0.0325193
0,1929,845,1116,0.112014
0,2470,1116,1658,0.280025
0,845,2199,1658,0.195425
0,32,2199,2741,0.0385529
0,3283,1929,32,0.0375476
0,1658,1116,3283,0.361928
0,2199,1658,2741,0.618318
0,3012,574,2199,0.229727
0,574,3554,3283,0.383349
0,1387,1387,3554,0.363176
0,303,1387,1929,0.0546745
0,1116,2470,1116,0.179822
0,303,2199,1116,0.0423132
0,1116,1658,1387,0.149038
0,32,1658,4096,0.045759
0,2470,2470,32,0.0334125
0,845,3283,3283,0.473893
0,1929,3012,3012,1.04887
0,2199,2741,2199,0.722446
0,1658,3283,845,0.25115
0,3012,1929,1658,0.525445
0,574,2470,1658,0.118528
0,3012,2741,1387,0.621299
0,3825,32,1116,0.0322981
0,303,3554,2741,0.188603
0,1116,303,2470,0.0549149
0,1929,1929,2470,0.581655
0,32,3825,574,0.0161311
0,2470,303,4096,0.177968
0,845,1116,303,0.0169561
0,2199,3554,1658,0.65243
0,3283,3012,1929,1.03738
0,1658,845,1929,0.161794
0,2199,574,1929,0.156157
0,574,1116,32,0.00380466
0,3825,1929,2741,1.21465
0,303,303,2199,0.0130987
0,2741,32,3554,0.0569265
0,1929,32,1387,0.0176786
0,2470,1387,1387,0.27861
0,845,2470,2470,0.324543
0,3283,1658,845,0.262722
0,4096,3283,32,0.0807668
0,2199,1387,3012,0.484928
0,3012,845,3012,0.436761
0,1387,1658,3283,0.424236
0,303,1658,1658,0.0535281
0,1116,2199,845,0.119234
0,303,2470,1929,0.0857212
0,1116,1387,1116,0.0949948
0,32,1387,3825,0.0333282
0,2470,2741,303,0.122527
0,845,3554,3012,0.547065
0,2199,2470,2470,0.75618
0,1658,4096,574,0.244437
0,3012,2199,2470,0.857872
0,3012,1116,1929,0.431876
0,574,2199,1387,0.0996275
0,3012,3012,1658,0.805971
0,3825,845,1387,0.229187
0,303,3825,3012,0.161594
0,1116,32,3825,0.0359141
0,845,3825,1929,0.364398
0,1929,1116,2199,0.266504
0,32,3554,845,0.021528
0,2470,574,3825,0.282894
0,845,1387,1658,0.114863
0,2199,3283,303,0.116141
0,3283,2741,1116,0.532231
0,1658,574,2199,0.126219
0,2199,303,1658,0.0731144
0,574,1929,303,0.0205415
0,1387,4096,32,0.0281123
0,3825,1658,3554,1.28362
0,303,574,2470,0.0265927
0,2741,1658,2199,0.571214
0,1929,303,574,0.0222676
0,2470,1658,1116,0.258593
0,845,1658,2199,0.172133
0,1929,3283,1387,0.446846
0,3283,1387,574,0.152431
0,1658,1658,2741,0.403344
0,2199,1116,3283,0.449624
0,3012,32,2741,0.0508274
0,574,4096,3825,0.664379
0,303,1929,303,0.00996368
0,1116,4096,574,0.158521
0,303,2741,1658,0.0789175
0,3554,574,2199,0.300478
0,32,1116,2470,0.0191275
0,845,2741,2741,0.381908
0,1929,2470,3554,0.957391
0,845,303,845,0.0139065
0,1658,1387,1116,0.15412
0,3283,3554,4096,4.85298
0,3012,1387,32,0.0258159
0,3825,2470,845,0.389498
0,574,3012,1116,0.122272
0,32,1929,1387,0.0214528
0,3554,2741,3554,1.97953
0,1929,1387,1929,0.29502
0,32,3283,1116,0.0275301
0,845,574,1929,0.0607061
0,1929,3825,845,0.345017
0,2199,3012,32,0.0306758
0,3283,2470,1387,0.617585
0,3554,3012,303,0.162031
0,1658,3554,2470,0.775158
0,574,1658,3825,0.211321
0,1387,32,303,0.00262892
0,3825,303,3283,0.201692
0,2741,2470,574,0.214863
0,303,845,1658,0.0260746
0,2741,574,3012,0.279554
0,845,3012,2470,0.332115
0,1929,1658,845,0.136158
0,2470,1929,845,0.326213
0,845,1929,3012,0.267743
0,1658,303,3012,0.0936897
0,2199,845,3554,0.341846
0,1658,2741,574,0.149828
0,3012,303,1387,0.0771899
0,1387,1929,2741,0.428605
0,303,32,32,0.000210265
0,1116,3825,303,0.0663555
0,32,845,2199,0.0130207
0,3554,3825,32,0.0615
0,32,2199,303,0.00674011
0,1658,1116,1929,0.210783
0,2199,1929,1929,0.49104
0,574,303,2741,0.0308244
0,3012,574,303,0.0301181
0,3825,2199,32,0.0394262
0,574,2741,845,0.0838299
0,2741,1658,1929,0.472185
0,2741,1658,32,0.0232905
0,3554,32,845,0.0213872
0,32,1658,1658,0.0206462
0,845,3283,1387,0.200424
0,32,3012,1387,0.030613
0,845,845,1116,0.0493047
0,2199,2741,845,0.268301
0,3283,2199,574,0.223226
0,574,2470,4096,0.338561
0,1387,303,574,0.0156369
0,3825,32,4096,0.0961637
0,2741,2199,303,0.093699
0,303,3283,1929,0.112675
0,1929,1929,32,0.0185591
0,2470,32,574,0.0094255
0,845,1116,2741,0.133612
0,3283,3012,3283,1.76838
0,1658,32,2199,0.0219878
0,4096,845,3554,0.722562
0,2199,574,3825,0.276898
0,3012,3825,1116,0.747031
0,2741,1658,3554,0.873738
0,3825,1116,1387,0.326301
0,574,3825,2199,0.29349
0,303,303,845,0.00519604
0,1116,3554,32,0.0237043
0,1116,1658,303,0.0301413
0,32,574,3012,0.0123562
0,845,2199,2199,0.233252
0,1658,1929,1658,0.291959
0,2199,1658,1116,0.235301
0,1387,1116,2470,0.223975
0,574,32,2470,0.00907136
0,3012,845,574,0.0844646
0,3825,3012,303,0.182882
0,574,3554,574,0.0758371
0,303,2199,3554,0.158254
0,303,2470,3825,0.162615
0,3554,303,32,0.00678198
0,32,1387,1929,0.0161536
0,845,3554,574,0.102317
0,32,2741,1658,0.0324016
0,845,32,1387,0.00840607
0,2199,2470,574,0.197453
0,3283,4096,845,0.55979
0,1658,4096,3012,1.09001
0,1387,574,845,0.0426044
0,3825,574,3012,0.456125
0,2741,3012,32,0.045697
0,3554,3012,2741,1.60264
0,303,3554,1116,0.0627213
0,2741,1116,2470,0.453938
0,2470,3825,2199,1.16527
0,1929,1116,303,0.034091
0,2470,303,303,0.0132584
0,2470,845,2199,0.300456
0,845,1387,3554,0.251587
0,1658,845,2470,0.211428
0,4096,32,3283,0.101842
0,3283,845,3012,0.481465
0,3825,1929,1116,0.486659
0,303,574,574,0.00645084
0,3554,1387,3554,0.977549
0,32,303,2741,0.00567759
0,845,2470,1929,0.235266
0,1658,1658,303,0.0406457
0,2199,1387,1387,0.191131
0,1658,3012,1658,0.426486
0,574,845,2199,0.0608834
0,3012,32,845,0.0181986
0,574,3283,303,0.0345931
0,303,2741,4096,0.139699
0,3554,574,303,0.0328571
0,32,1116,32,0.00164729
0,845,2741,845,0.102892
0,32,2470,1929,0.0302233
0,3283,303,2470,0.142042
0,4096,2470,2199,1.24238
0,3283,3825,32,0.05576
0,1658,3825,3283,1.22982
0,1387,2199,1387,0.22304
0,574,3012,3554,0.350861
0,1387,845,1116,0.0805696
0,2741,2741,1929,0.761866
0,303,3825,1387,0.0837718
0,1929,1387,3825,0.648963
0,2470,574,32,0.00837035
0,845,574,3283,0.0959009
0,3283,2470,3825,1.7321
0,1658,574,1658,0.0837901
0,4096,303,3012,0.272853
0,3825,3554,2741,2.01077
0,3825,1658,845,0.286587
0,303,845,3554,0.0528146
0,1116,845,3825,0.219723
0,2470,3283,845,0.341913
0,3554,1658,3283,1.08807
0,32,32,1387,0.00102341
0,845,1658,1658,0.140038
0,1658,303,32,0.00292148
0,2199,1116,574,0.0838522
0,574,574,4096,0.0850308
0,3012,303,3283,0.164602
0,1387,3283,2199,0.53387
0,574,4096,32,0.0105065
0,1387,1929,303,0.0532599
0,1116,1116,2470,0.182997
0,3554,845,1658,0.272584
0,1929,574,2741,0.181411
0,32,845,303,0.00277659
0,845,3012,32,0.014038
0,1929,2470,845,0.214675
0,3283,32,3825,0.0664088
0,2199,1929,3283,0.720115
0,3283,3554,303,0.18913
0,4096,1387,32,0.0251596
0,574,303,845,0.00963331
0,1387,2470,1658,0.324066
0,574,2741,2741,0.238986
0,3825,574,2199,0.267691
0,303,1116,3012,0.0584679
0,1116,2741,3825,0.56353
0,303,4096,574,0.0403855
0,32,3012,32,0.00462075
0,3283,845,32,0.0164522
0,4096,3012,303,0.254784
0,3283,2199,2470,1.0597
0,1658,3554,1929,0.631838
0,2199,32,1929,0.0250118
0,3825,3283,2470,1.70117
0,3012,3554,303,0.208588
0,3825,303,574,0.0390986
0,303,3283,3283,0.197402
0,1116,574,3554,0.118435
0,2470,3554,32,0.0405805
0,3554,1929,845,0.295054
0,32,4096,1116,0.0286138
0,2470,32,3012,0.0461256
0,845,1929,1387,0.130197
0,1929,3554,2199,0.838311
0,2199,3825,2199,1.01982
0,1658,32,845,0.00916513
0,2199,845,845,0.0895721
0,574,1387,3825,0.197501
0,3012,3825,3554,2.21472
0,2741,303,1387,0.0727372
0,3554,3012,1658,1.08583
0,303,3012,1929,0.136721
0,3554,1116,1929,0.464678
0,1929,845,2470,0.229826
0,32,574,574,0.00252399
0,2470,845,3825,0.43508
0,845,2199,303,0.0303415
0,32,2199,4096,0.0542865
0,3283,1929,4096,1.36962
0,1658,2199,3825,0.708337
0,574,32,32,0.000348743
0,1387,2741,1929,0.378651
0,1387,1387,1658,0.193457
0,303,1387,2199,0.051104
0,303,2199,845,0.0332316
0,1929,3012,3283,1.05393
0,845,32,3825,0.0216448
0,4096,574,2470,0.312839
0,4096,2199,32,0.0439855
0,1658,3283,1116,0.321144
0,3012,2741,32,0.0604058
0,3825,32,303,0.0072024
0,1116,303,3283,0.0645016
0,2470,3825,303,0.169107
0,3554,2199,574,0.271936
0,32,3825,1929,0.0487783
0,2470,303,2199,0.0971756
0,845,1116,1116,0.0599948
0,2199,3554,2470,0.96979
0,1658,845,574,0.0438191
0,2199,574,32,0.00758264
0,574,1116,3554,0.151887
0,1387,3825,2741,0.903062
0,2741,32,1658,0.0285877
0,3554,1387,1116,0.302137
0,1929,32,2199,0.024244
0,32,303,845,0.00173875
0,1929,4096,303,0.12202
0,3283,1658,3283,0.964088
0,1658,3012,4096,1.19682
0,574,845,303,0.00905235
0,1387,3012,32,0.0247897
0,574,3283,2199,0.243407
0,1387,1658,1929,0.262999
0,303,1658,2470,0.0743784
0,1116,2199,2199,0.307278
0,303,2470,32,0.00427514
0,3283,303,574,0.0341904
0,4096,2470,1929,1.07242
0,3012,1116,2741,0.516858
0,3012,3012,845,0.460246
0,3825,845,32,0.017254
0,1116,3012,574,0.119255
0,303,3825,3825,0.274131
0,1116,32,3012,0.0209842
0,845,3825,2741,0.521913
0,32,3554,1658,0.041304
0,2470,574,2470,0.21275
0,845,1387,845,0.0575861
0,1929,3825,1658,0.823292
0,1658,574,3554,0.182055
0,2199,303,303,0.0130073
0,574,1929,3283,0.216258
0,1387,4096,1387,0.472527
0,2741,845,1929,0.248583
0,845,3012,2741,0.468901
0,1929,303,4096,0.135602
0,32,32,3283,0.00189752
0,845,1658,4096,0.307866
0,1929,3283,32,0.0309517
0,2199,4096,32,0.0485461
0,3283,1387,3554,0.794345
0,2199,1116,2470,0.347463
0,574,574,1658,0.0339839
0,1387,3283,303,0.0780528
0,574,4096,2470,0.289621
0,303,1929,3825,0.164697
0,1116,4096,2470,0.718239
0,303,2741,303,0.0137631
0,1116,1116,32,0.00656737
0,1929,574,845,0.0599551
0,1929,2470,2741,0.700648
0,845,303,2199,0.0356215
0,3283,32,1387,0.0296871
0,1658,1387,3012,0.386615
0,1658,3825,574,0.175067
0,3012,1387,3554,0.841333
0,3012,2199,574,0.218635
0,303,1116,32,0.0020208
0,1116,2741,303,0.0534202
0,303,4096,2470,0.204529
0,1116,1929,2741,0.342431
0,32,1929,2199,0.0318654
0,1116,1387,32,0.00705666
0,3554,2741,32,0.0479811
0,574,3554,4096,0.491592
0,32,3283,303,0.00924826
0,845,574,574,0.0171896
0,3012,1658,303,0.0936388
0,3825,3283,32,0.0589094
0,574,1658,845,0.0481633
0,3012,3554,2199,1.20676
0,1387,32,1116,0.0110165
0,3825,303,3012,0.240251
0,845,2741,3012,0.430395
0,2741,574,32,0.00851553
0,3554,1929,2741,1.12701
0,1929,1658,3825,0.65739
0,1116,1387,3554,0.326048
0,845,1929,3283,0.357014
0,2199,3825,845,0.404496
0,3283,1116,574,0.12484
0,4096,574,1387,0.223759
0,2199,845,2199,0.239112
0,1658,2741,1929,0.474074
0,574,1387,1929,0.0995807
0,1387,3554,574,0.164391
0,1387,1929,4096,0.703217
0,303,32,4096,0.0095079
0,2741,303,2741,0.128027
0,1116,3825,2741,0.660171
0,3554,32,3554,0.0968583
0,1929,845,32,0.00869025
0,2470,1116,574,0.0888501
0,32,2199,1658,0.0227657
0,3283,1929,1116,0.433133
0,1658,1116,2199,0.248211
0,1658,2470,845,0.19486
0,3012,574,3283,0.31847
0,3825,2199,3554,1.60445
0,3283,574,2199,0.222923
0,303,1387,845,0.0222282
0,1116,2470,32,0.0160903
0,303,2199,2199,0.089871
0,3554,32,1658,0.0306523
0,32,1658,3012,0.0274909
0,845,3283,2199,0.362089
0,2470,845,3554,0.453773
0,845,845,303,0.0122859
0,2199,2741,3283,1.0048
0,1658,3283,4096,1.26481
0,3012,1929,574,0.196178
0,574,2470,574,0.0515411
0,1387,303,1929,0.0487965
0,3825,32,2199,0.0472039
0,2741,2199,2741,0.933464
0,2741,1387,303,0.0642193
0,2741,1658,574,0.131474
0,1929,1929,3554,0.826931
0,32,3825,3825,0.0951485
0,2470,845,1387,0.162976
0,2199,3554,574,0.225046
0,3283,3012,845,0.505818
0,4096,845,1658,0.321892
0,2199,574,3012,0.23207
0,574,1116,1116,0.0422613
0,1387,3825,845,0.251241
0,574,3825,3554,0.416427
0,303,303,3283,0.0195166
0,2741,32,2470,0.0292832
0,1116,3554,3012,0.690051
0,1929,32,303,0.00399811
0,2470,1387,303,0.0596772
0,1929,4096,2199,0.939622
0,3283,1658,1929,0.607643
0,1658,1929,2470,0.408388
0,4096,3283,1116,0.774182
0,1658,2199,32,0.0190489
0,3012,845,4096,0.558027
0,2199,32,3554,0.0594502
0,303,1658,574,0.0173589
0,1116,2199,1929,0.281196
0,303,2470,3012,0.100661
0,3554,303,1387,0.0930999
0,32,1387,2741,0.0257284
0,3554,3283,1658,1.12138
0,32,2741,845,0.0149596
0,845,32,32,0.000482353
0,1658,4096,3825,1.41831
0,3012,1116,845,0.163629
0,574,2199,303,0.0200693
0,3554,2470,32,0.0442996
0,1387,574,1658,0.081935
0,3825,845,2470,0.423144
0,2741,3012,3012,1.4372
0,2741,1116,574,0.103781
0,845,3825,845,0.155675
0,1929,1116,3283,0.691027
0,845,1387,2741,0.187375
0,3283,2741,32,0.0422313
0,4096,32,1929,0.0526292
0,2199,303,2741,0.0932089
0,574,1929,1387,0.0883786
0,1387,4096,3283,1.15213
0,303,574,3554,0.0378929
0,2741,845,2199,0.308251
0,1116,3283,1116,0.225689
0,1929,303,1658,0.0567081
0,2470,1658,32,0.0260279
0,3283,1387,1658,0.428581
0,1658,1658,3825,0.592132
0,1658,3012,303,0.0666951
0,3012,32,3825,0.0762554
0,3825,2741,845,0.540092
0,303,1929,1387,0.0475025
0,303,2741,2741,0.174878
0,3554,574,1116,0.140167
0,32,1116,3554,0.0259579
0,2470,3012,2741,1.08908
0,845,2741,3825,0.535509
0,32,2470,574,0.0100346
0,3283,303,3283,0.217993
0,1658,1387,32,0.0124411
0,2199,2199,574,0.152376
0,3012,1387,1116,0.2634
0,1387,2199,2199,0.380638
0,3825,2470,1929,1.15162
0,574,3012,32,0.00914159
0,3012,2199,3012,1.13486
0,1387,845,303,0.0217794
0,2741,2741,3283,1.3865
0,2741,1929,845,0.241529
0,32,1929,303,0.00652264
0,845,4096,32,0.0165649
0,1929,1387,845,0.118765
0,32,3283,2199,0.0456246
0,845,574,3012,0.0905854
0,3283,2470,303,0.108367
0,4096,303,32,0.00714815
0,574,1658,2741,0.162392
0,1387,32,3554,0.0407508
0,303,845,574,0.00929411
0,2741,574,4096,0.340833
0,1116,845,1387,0.0814414
0,2470,3283,1658,0.747106
0,1929,1658,1929,0.368394
0,2199,4096,3825,1.85594
0,3283,1116,2470,0.459952
0,1658,303,4096,0.114138
0,3012,303,303,0.0170537
0,3825,1387,574,0.177277
0,303,32,1116,0.00228002
0,1116,3825,1387,0.330701
0,1116,1116,3825,0.292523
0,3554,845,845,0.152499
0,32,845,3283,0.0181401
0,845,3012,3554,0.68862
0,3283,32,3012,0.0666973
0,1658,1116,845,0.0902449
0,2199,1929,845,0.181401
0,1658,2470,2199,0.508226
0,574,303,1658,0.0194889
0,3012,574,1387,0.136737
0,1387,2470,3012,0.562855
0,574,2741,1929,0.174874
0,1387,1116,32,0.00890819
0,303,1116,3825,0.0756204
0,32,1658,574,0.0065955
0,845,3283,303,0.0492516
0,1929,2741,574,0.1656
0,32,3012,2470,0.0550397
0,845,845,2199,0.097837
0,2199,2741,1929,0.69816
0,3283,2199,1658,0.669639
0,2199,32,3283,0.0409682
0,3012,1658,4096,1.14585
0,845,3283,3554,0.599075
0,574,2470,3012,0.268516
0,1387,303,3825,0.0999804
0,303,3283,845,0.0532689
0,1116,574,1658,0.0623919
0,1929,1929,1116,0.249964
0,2470,32,1658,0.0233177
0,3283,3012,2199,1.14439
0,1658,32,3283,0.0448928
0,4096,845,2470,0.447353
0,3012,3825,32,0.0638862
0,3825,1116,303,0.0806705
0,574,3825,1116,0.13883
0,303,303,1929,0.0116429
0,1116,3554,1116,0.251166
0,303,3012,3283,0.142912
0,3554,1116,574,0.118159
0,32,574,4096,0.0165056
0,2470,1387,2199,0.43257
0,845,2199,3283,0.375935
0,1658,1929,574,0.11197
0,2199,1658,32,0.0173595
0,1658,2199,3012,0.566074
0,574,32,1387,0.00519772
0,3012,845,1658,0.247545
0,1387,2741,2741,0.624902
0,574,3554,1658,0.202488
0,1387,1387,845,0.0968833
0,303,1387,3554,0.0858304
0,32,1387,845,0.0078853
0,845,3554,1658,0.262475
0,1929,3012,303,0.0885175
0,32,2741,2741,0.0495755
0,845,32,2470,0.0141357
0,3012,1929,3283,0.977075
0,574,2199,2199,0.186956
0,1387,574,4096,0.155104
0,303,3554,32,0.00668169
0,2741,1116,3554,0.657587
0,1116,303,1929,0.0389992
0,2470,3825,1116,0.598359
0,1929,1116,1387,0.167348
0,2470,303,1387,0.0675789
0,2199,3554,3283,1.37311
0,1929,3825,1387,1.08302
0,1658,845,3554,0.262001
0,4096,32,2199,0.0510968
0,3012,4096,845,0.536819
0,3825,1929,32,0.0399875
0,303,574,1658,0.0176285
0,1116,3283,3012,0.67611
0,3554,1387,303,0.073488
0,32,303,3825,0.00859013
0,2470,1658,2470,0.565672
0,845,2470,845,0.105267
0,3825,574,3825,0.508155
0,1658,1658,1387,0.233271
0,2199,1387,303,0.0436967
0,574,845,1116,0.0333322
0,3012,32,1929,0.0325449
0,574,3283,1387,0.156413
0,1387,1658,574,0.0858117
0,303,1658,3283,0.0979058
0,32,1116,1116,0.00841171
0,845,2741,1929,0.235029
0,1929,2199,32,0.0259775
0,32,2470,3012,0.0614901
0,3283,303,1387,0.0774894
0,2199,2199,2470,0.700678
0,3012,1116,3554,0.737352
0,1387,2199,303,0.0491835
0,574,3012,2470,0.230584
0,1387,845,2199,0.150494
0,1116,3012,2470,0.463646
0,303,3825,303,0.0188895
0,2741,1929,3283,0.964203
0,1116,32,32,0.000711033
0,3554,303,3825,0.280611
0,1929,1387,2741,0.442578
0,2470,574,1116,0.090799
0,3283,2470,2741,1.25104
0,1658,574,574,0.0345942
0,3825,3554,1658,1.20267
0,3825,1658,1929,0.771084
0,303,845,2470,0.0441208
0,1116,845,2741,0.154166
0,3554,1658,32,0.0326379
0,32,32,303,0.000276703
0,845,1658,574,0.0504699
0,3283,1387,2199,0.525838
0,1658,303,1116,0.0337791
0,2199,1116,1658,0.239258
0,574,574,845,0.0177292
0,3012,303,2199,0.11631
0,3825,1387,3012,1.01207
0,303,1929,3012,0.0972498
0,2741,3825,32,0.0773636
0,1116,1116,1387,0.092221
0,1116,1658,1929,0.200848
0,1929,574,1658,0.101105
0,32,845,1387,0.00792244
0,845,3012,1116,0.159402
0,1929,2470,1929,0.515193
0,845,303,3554,0.0623241
0,3283,32,574,0.0112304
0,4096,3825,3554,3.00656
0,3012,1387,2741,0.638194
0,1387,2470,574,0.113443
0,3283,574,1387,0.14934
0,3825,574,1116,0.152262
0,303,1116,1929,0.0416505
0,1116,2741,2741,0.490899
0,303,4096,1658,0.129953
0,1116,1929,303,0.0413753
0,32,1929,4096,0.0471739
0,2470,2199,574,0.180041
0,1658,3554,845,0.263217
0,2199,32,845,0.0115665
0,3012,1658,1116,0.281222
0,574,3554,3554,0.379234
0,3825,303,1658,0.133132
0,303,3283,2199,0.134498
0,1116,574,2470,0.0980478
0,32,4096,32,0.00666037
0,2470,32,4096,0.0608463
0,845,1929,303,0.0254604
0,1929,3554,1116,0.455918
0,2199,3825,1116,0.512568
0,3283,1116,1929,0.417065
0,1658,32,1929,0.0215154
0,2199,845,1929,0.204428
0,574,1387,574,0.0275409
0,3283,845,1387,0.212075
0,3825,1116,2199,0.556269
0,845,4096,2199,0.422098
0,303,32,2741,0.00535447
0,2741,303,303,0.0147758
0,303,3012,845,0.0410259
0,1929,845,1387,0.134901
0,32,574,1658,0.00670167
0,845,2199,1387,0.166217
0,32,2199,3012,0.0474869
0,3283,1929,845,0.296055
0,1658,1116,3554,0.365412
0,2199,1658,3012,0.622357
0,3012,574,3012,0.260223
0,1387,2741,845,0.191287
0,3012,2470,574,0.231383
0,1387,1387,2741,0.277308
0,303,1387,1116,0.0300058
0,303,2199,1929,0.0874344
0,1116,1658,574,0.0659969
0,32,1658,3283,0.0348655
0,2470,2470,303,0.113421
0,1658,3283,32,0.0281531
0,4096,1929,3554,1.53531
0,3012,2741,1116,0.537715
0,3825,32,1387,0.0374235
0,303,3554,3012,0.193605
0,1116,303,2199,0.0471249
0,32,3825,845,0.0220887
0,2470,303,3283,0.151134
0,845,1116,32,0.00556273
0,2199,3554,1387,0.863514
0,1658,845,1658,0.126323
0,2199,574,1116,0.0871439
0,574,1116,303,0.0109859
0,3012,4096,2741,1.79072
0,3825,1929,2470,1.00813
0,303,303,2470,0.0141169
0,2741,32,574,0.0102461
0,1929,32,1116,0.0143472
0,32,303,1929,0.00402351
0,845,2470,2741,0.319081
0,3283,1658,32,0.0288691
0,2199,1387,2741,0.49258
0,3012,845,2199,0.310641
0,1387,3012,1116,0.259245
0,574,3283,3283,0.36695
0,1387,1658,3012,0.3831
0,303,1658,1387,0.0402358
0,1116,2199,3283,0.436681
0,303,2470,1116,0.0485058
0,1116,1387,845,0.0745885
0,32,1387,3554,0.0312972
0,2470,2741,32,0.0348906
0,1929,2199,2470,0.610483
0,2199,2470,2199,0.64839
0,3283,3825,4096,2.64353
0,1658,4096,303,0.0703432
0,4096,1116,3283,0.87086
0,3012,1116,1658,0.300589
0,3825,3825,845,0.650289
0,3012,3012,1929,1.01322
0,3825,845,1116,0.260605
0,2741,3012,3825,1.6638
0,303,3825,2741,0.165905
0,1116,32,4096,0.0335968
0,845,3825,1658,0.31093
0,32,3554,574,0.013021
0,2470,574,3554,0.283201
0,845,1387,1929,0.129747
0,2199,3283,574,0.201501
0,2199,303,1387,0.0595325
0,574,1929,32,0.00648854
0,1387,4096,303,0.0773436
0,3825,1658,3825,1.35956
