,nbytes,nnodes,ppn,avg,std
0,64,1,1,6.405e-07,0.856061
1,96,1,1,6.785e-07,0.775268
2,143,1,1,8.7745e-07,0.937441
3,214,1,1,8.087e-07,0.8084
4,320,1,1,8.5785e-07,0.716429
5,479,1,1,7.7475e-07,0.768637
6,716,1,1,7.583e-07,0.789567
7,1071,1,1,7.728e-07,0.845514
8,1601,1,1,7.8635e-07,0.926404
9,2395,1,1,7.8845e-07,0.928129
10,3582,1,1,8.164e-07,0.893227
11,5357,1,1,1.54405e-06,0.592251
12,8011,1,1,1.54045e-06,0.535426
13,11980,1,1,1.55855e-06,0.603782
14,17917,1,1,8.2335e-07,0.903276
15,26795,1,1,1.5687e-06,0.590818
16,40072,1,1,1.64485e-06,0.681758
17,59929,1,1,1.5847e-06,0.540641
18,89625,1,1,8.9955e-07,0.788221
19,134036,1,1,1.87545e-06,2.60244
20,200453,1,1,1.99615e-06,2.7844
21,299781,1,1,1.76155e-06,2.679
22,448328,1,1,1.82525e-06,2.64871
23,670482,1,1,2.85755e-06,3.25813
24,1002718,1,1,2.64565e-06,2.11801
25,1499582,1,1,2.69225e-06,2.14635
26,2242652,1,1,1.99325e-06,2.75437
27,3353926,1,1,2.10905e-06,2.80533
28,5015856,1,1,3.48265e-06,3.51034
29,7501302,1,1,2.1682e-06,2.84659
30,11218332,1,1,2.1463e-06,2.83151
31,16777216,1,1,2.1849e-06,2.90353
224,64,1,2,2.14005e-06,0.945384
225,96,1,2,2.92185e-06,1.83323
226,143,1,2,2.3946e-06,0.821717
227,214,1,2,3.2029e-06,1.55322
228,320,1,2,2.399e-06,0.83333
229,479,1,2,4.536e-06,1.4364
230,716,1,2,2.79555e-06,0.739811
231,1071,1,2,3.0038e-06,0.679386
232,1601,1,2,4.92095e-06,1.34092
233,2395,1,2,6.83515e-06,1.10225
234,3582,1,2,7.5049e-06,1.04681
235,5357,1,2,1.37205e-05,0.913692
236,8011,1,2,1.11158e-05,1.0163
237,11980,1,2,9.483e-06,0.34203
238,17917,1,2,1.16706e-05,0.237764
239,26795,1,2,1.45973e-05,0.203989
240,40072,1,2,2.37482e-05,0.7845
241,59929,1,2,3.03029e-05,0.283521
242,89625,1,2,5.55065e-05,0.871259
243,134036,1,2,0.000120117,0.349389
244,200453,1,2,0.000185233,0.299442
245,299781,1,2,0.000366672,0.157365
246,448328,1,2,0.000425684,0.1713
247,670482,1,2,0.000631748,0.149986
248,1002718,1,2,0.000870716,0.134028
249,1499582,1,2,0.00118024,0.158652
250,2242652,1,2,0.00160928,0.172
251,3353926,1,2,0.00224555,0.167842
252,5015856,1,2,0.00301769,0.173189
253,7501302,1,2,0.00398266,0.0911958
254,11218332,1,2,0.00583986,0.0864105
255,16777216,1,2,0.00826172,0.089296
448,64,1,4,5.3049e-06,1.71471
449,96,1,4,3.0858e-06,0.786352
450,143,1,4,6.60425e-06,1.70134
451,214,1,4,4.54365e-06,1.09843
452,320,1,4,8.29815e-06,1.51757
453,479,1,4,3.37632e-05,3.06829
454,716,1,4,2.99903e-05,3.01632
455,1071,1,4,7.8543e-06,0.801226
456,1601,1,4,5.90816e-05,2.16219
457,2395,1,4,6.8523e-05,2.89732
458,3582,1,4,1.10396e-05,0.70301
459,5357,1,4,1.53332e-05,1.38134
460,8011,1,4,1.54178e-05,0.71656
461,11980,1,4,4.38847e-05,2.49342
462,17917,1,4,3.21468e-05,1.67085
463,26795,1,4,3.02576e-05,0.492793
464,40072,1,4,6.87899e-05,1.9954
465,59929,1,4,9.38561e-05,1.42578
466,89625,1,4,0.000206089,0.165514
467,134036,1,4,0.000334444,0.336492
468,200453,1,4,0.000524479,0.129087
469,299781,1,4,0.000545122,0.234239
470,448328,1,4,0.000630035,0.231206
471,670482,1,4,0.00099561,0.1118
472,1002718,1,4,0.00134802,0.0732498
473,1499582,1,4,0.00180733,0.0935286
474,2242652,1,4,0.0024731,0.110628
475,3353926,1,4,0.00334069,0.110823
476,5015856,1,4,0.00459482,0.121752
477,7501302,1,4,0.0062113,0.0935466
478,11218332,1,4,0.00907288,0.0960885
479,16777216,1,4,0.012632,0.0594127
672,64,1,8,5.56245e-06,1.21881
673,96,1,8,3.58605e-05,3.14607
674,143,1,8,3.58445e-05,2.54538
675,214,1,8,3.3721e-05,2.63651
676,320,1,8,4.10136e-05,2.27173
677,479,1,8,6.14704e-05,2.24462
678,716,1,8,3.58375e-05,2.69101
679,1071,1,8,1.98059e-05,1.17945
680,1601,1,8,1.14587e-05,0.881756
681,2395,1,8,3.89676e-05,2.61148
682,3582,1,8,4.7084e-05,2.14675
683,5357,1,8,6.8869e-05,1.9849
684,8011,1,8,2.26263e-05,0.577239
685,11980,1,8,6.74277e-05,1.74857
686,17917,1,8,6.02069e-05,1.69983
687,26795,1,8,7.4812e-05,0.895835
688,40072,1,8,8.61656e-05,0.94594
689,59929,1,8,8.60804e-05,0.618762
690,89625,1,8,0.000344112,0.195032
691,134036,1,8,0.000487492,0.175612
692,200453,1,8,0.000682671,0.1771
693,299781,1,8,0.000910401,0.160944
694,448328,1,8,0.00127773,0.124135
695,670482,1,8,0.00126161,0.121493
696,1002718,1,8,0.00171225,0.149472
697,1499582,1,8,0.00234074,0.125739
698,2242652,1,8,0.00338669,0.114896
699,3353926,1,8,0.00446201,0.0743838
700,5015856,1,8,0.00945146,0.0388838
701,7501302,1,8,0.00828795,0.0517298
702,11218332,1,8,0.0118376,0.105987
703,16777216,1,8,0.0233804,0.0880534
896,64,1,16,9.3111e-06,0.840845
897,96,1,16,8.43675e-06,0.393036
898,143,1,16,1.38461e-05,0.397983
899,214,1,16,1.60145e-05,0.683703
900,320,1,16,2.22558e-05,1.86463
901,479,1,16,1.85548e-05,0.964808
902,716,1,16,2.28172e-05,0.857446
903,1071,1,16,6.14782e-05,2.06625
904,1601,1,16,2.72825e-05,1.00762
905,2395,1,16,2.37349e-05,1.09327
906,3582,1,16,2.83366e-05,1.08943
907,5357,1,16,5.10813e-05,0.57651
908,8011,1,16,4.92049e-05,0.683514
909,11980,1,16,5.44194e-05,0.601328
910,17917,1,16,7.23343e-05,0.6634
911,26795,1,16,9.01951e-05,0.824149
912,40072,1,16,9.71748e-05,0.665097
913,59929,1,16,0.000123151,0.97726
914,89625,1,16,0.000283821,0.657291
915,134036,1,16,0.000525687,0.132446
916,200453,1,16,0.000687646,0.139959
917,299781,1,16,0.00104232,0.0774956
918,448328,1,16,0.00148007,0.096602
919,670482,1,16,0.00228096,0.078603
920,1002718,1,16,0.00309724,0.0812869
921,1499582,1,16,0.00276725,0.0847092
922,2242652,1,16,0.0039882,0.096805
923,3353926,1,16,0.00541573,0.0945247
924,5015856,1,16,0.00849784,0.0802395
925,7501302,1,16,0.0129347,0.0646259
926,11218332,1,16,0.0194472,0.0505101
927,16777216,1,16,0.0278089,0.0425576
1120,64,1,32,1.16596e-05,0.317058
1121,96,1,32,1.50348e-05,0.785529
1122,143,1,32,3.7471e-05,0.906478
1123,214,1,32,2.02611e-05,0.779921
1124,320,1,32,1.83373e-05,0.719834
1125,479,1,32,2.37174e-05,1.23123
1126,716,1,32,2.90178e-05,1.67412
1127,1071,1,32,2.54799e-05,1.55496
1128,1601,1,32,2.92509e-05,0.634814
1129,2395,1,32,2.54124e-05,1.24129
1130,3582,1,32,3.12204e-05,0.674294
1131,5357,1,32,5.66958e-05,0.830981
1132,8011,1,32,8.18008e-05,1.34239
1133,11980,1,32,7.46091e-05,0.870065
1134,17917,1,32,6.99392e-05,0.60247
1135,26795,1,32,9.73098e-05,0.787772
1136,40072,1,32,0.000111617,0.665749
1137,59929,1,32,0.000144039,0.610089
1138,89625,1,32,0.000636427,0.157444
1139,134036,1,32,0.000700874,0.136461
1140,200453,1,32,0.00093605,0.189443
1141,299781,1,32,0.00110255,0.132382
1142,448328,1,32,0.00147215,0.167532
1143,670482,1,32,0.00232342,0.131528
1144,1002718,1,32,0.00318825,0.186558
1145,1499582,1,32,0.00414299,0.255172
1146,2242652,1,32,0.00500377,0.0660898
1147,3353926,1,32,0.0067865,0.0497343
1148,5015856,1,32,0.00887644,0.0357242
1149,7501302,1,32,0.0134964,0.0441804
1150,11218332,1,32,0.0201862,0.0584065
1151,16777216,1,32,0.0309872,0.0425762
1344,64,1,64,1.1433e-05,0.31222
1345,96,1,64,1.08977e-05,0.275758
1346,143,1,64,1.7695e-05,0.477224
1347,214,1,64,1.61769e-05,0.177522
1348,320,1,64,1.76106e-05,0.260042
1349,479,1,64,4.02872e-05,2.16769
1350,716,1,64,2.26525e-05,0.413809
1351,1071,1,64,2.07336e-05,0.165177
1352,1601,1,64,2.22079e-05,0.444316
1353,2395,1,64,2.57019e-05,0.30172
1354,3582,1,64,2.65774e-05,0.155572
1355,5357,1,64,3.65059e-05,0.285483
1356,8011,1,64,8.38899e-05,0.928999
1357,11980,1,64,8.08396e-05,0.575765
1358,17917,1,64,0.000120964,1.35268
1359,26795,1,64,0.000132871,0.855955
1360,40072,1,64,0.00016938,1.10132
1361,59929,1,64,0.000206354,0.614713
1362,89625,1,64,0.000815807,0.157778
1363,134036,1,64,0.000900129,0.187353
1364,200453,1,64,0.000936181,0.153814
1365,299781,1,64,0.00137351,0.274742
1366,448328,1,64,0.00168428,0.187574
1367,670482,1,64,0.00205607,0.382271
1368,1002718,1,64,0.00317906,0.330204
1369,1499582,1,64,0.00460992,0.160376
1370,2242652,1,64,0.00660884,0.139646
1371,3353926,1,64,0.00769155,0.144957
1372,5015856,1,64,0.0107937,0.15619
1373,7501302,1,64,0.0175703,0.0831271
1374,11218332,1,64,0.0222654,0.140565
1375,16777216,1,64,0.0346888,0.144946
32,64,2,1,1.31855e-05,0.511898
33,96,2,1,1.51565e-05,0.450674
34,143,2,1,2.26526e-05,0.781896
35,214,2,1,1.7469e-05,0.490497
36,320,2,1,1.42085e-05,0.112205
37,479,2,1,1.82043e-05,0.815251
38,716,2,1,1.45585e-05,0.103348
39,1071,2,1,1.75743e-05,0.578965
40,1601,2,1,2.05207e-05,0.704321
41,2395,2,1,2.10452e-05,0.461474
42,3582,2,1,2.63467e-05,0.815899
43,5357,2,1,5.63792e-05,0.63585
44,8011,2,1,3.57345e-05,0.336179
45,11980,2,1,3.95504e-05,0.447081
46,17917,2,1,3.42134e-05,0.478525
47,26795,2,1,5.74447e-05,0.495165
48,40072,2,1,6.3799e-05,0.564465
49,59929,2,1,9.37445e-05,0.419995
50,89625,2,1,0.000115651,0.379379
51,134036,2,1,0.000263182,0.576076
52,200453,2,1,0.000296725,0.420263
53,299781,2,1,0.000328413,0.456681
54,448328,2,1,0.000427993,0.351689
55,670482,2,1,0.000490506,0.399181
56,1002718,2,1,0.000774235,0.249054
57,1499582,2,1,0.000986884,0.280005
58,2242652,2,1,0.00114269,0.279395
59,3353926,2,1,0.00149844,0.356711
60,5015856,2,1,0.00186929,0.21958
61,7501302,2,1,0.00269599,0.283219
62,11218332,2,1,0.00356231,0.222648
63,16777216,2,1,0.00470761,0.207953
256,64,2,2,2.00972e-05,0.332771
257,96,2,2,2.08235e-05,0.302966
258,143,2,2,2.43053e-05,0.499644
259,214,2,2,6.11399e-05,1.71419
260,320,2,2,2.15235e-05,0.233147
261,479,2,2,2.57496e-05,0.42994
262,716,2,2,3.02185e-05,0.420773
263,1071,2,2,2.64644e-05,0.372326
264,1601,2,2,2.63235e-05,0.392869
265,2395,2,2,2.40058e-05,0.203221
266,3582,2,2,7.59212e-05,1.53716
267,5357,2,2,5.19659e-05,0.435629
268,8011,2,2,3.53894e-05,0.228848
269,11980,2,2,7.31509e-05,1.54307
270,17917,2,2,7.29704e-05,0.706459
271,26795,2,2,8.8494e-05,0.609727
272,40072,2,2,0.000103366,0.441105
273,59929,2,2,0.000153389,0.805488
274,89625,2,2,0.000221152,0.504648
275,134036,2,2,0.000390992,0.216717
276,200453,2,2,0.000491157,0.161205
277,299781,2,2,0.000698746,0.141152
278,448328,2,2,0.000940974,0.12263
279,670482,2,2,0.00110057,0.106782
280,1002718,2,2,0.0014497,0.128097
281,1499582,2,2,0.00181091,0.213514
282,2242652,2,2,0.00234171,0.172638
283,3353926,2,2,0.00306787,0.145002
284,5015856,2,2,0.00412679,0.139556
285,7501302,2,2,0.00562892,0.11729
286,11218332,2,2,0.00801898,0.15291
287,16777216,2,2,0.0126203,0.120228
480,64,2,4,7.58231e-05,1.87196
481,96,2,4,8.69568e-05,1.84561
482,143,2,4,2.5752e-05,0.401399
483,214,2,4,2.47098e-05,0.283772
484,320,2,4,2.49775e-05,0.323003
485,479,2,4,5.50435e-05,1.90041
486,716,2,4,5.80264e-05,2.01952
487,1071,2,4,2.61556e-05,0.295676
488,1601,2,4,6.03984e-05,1.66265
489,2395,2,4,3.99973e-05,0.580257
490,3582,2,4,3.35938e-05,0.46771
491,5357,2,4,9.52267e-05,2.15167
492,8011,2,4,0.000102253,1.32653
493,11980,2,4,8.314e-05,0.424808
494,17917,2,4,0.000127121,1.39193
495,26795,2,4,0.000144356,1.01308
496,40072,2,4,0.000135732,1.14324
497,59929,2,4,0.000153679,0.463738
498,89625,2,4,0.000317306,0.388638
499,134036,2,4,0.000438499,0.416651
500,200453,2,4,0.000522141,0.152942
501,299781,2,4,0.000723163,0.127051
502,448328,2,4,0.000944171,0.167262
503,670482,2,4,0.00155768,0.116832
504,1002718,2,4,0.00200245,0.16749
505,1499582,2,4,0.00243958,0.115725
506,2242652,2,4,0.00353707,0.123844
507,3353926,2,4,0.0043417,0.169878
508,5015856,2,4,0.00696252,0.0570099
509,7501302,2,4,0.00878926,0.179087
510,11218332,2,4,0.0135119,0.086101
511,16777216,2,4,0.0194688,0.0886623
704,64,2,8,3.05854e-05,0.468069
705,96,2,8,2.2026e-05,0.43916
706,143,2,8,2.78033e-05,0.287584
707,214,2,8,3.24369e-05,0.32982
708,320,2,8,3.18087e-05,0.365226
709,479,2,8,3.345e-05,0.389108
710,716,2,8,2.96279e-05,0.397774
711,1071,2,8,9.30188e-05,1.58415
712,1601,2,8,6.9244e-05,1.68078
713,2395,2,8,4.5862e-05,0.371591
714,3582,2,8,5.72589e-05,0.297965
715,5357,2,8,6.06746e-05,0.25378
716,8011,2,8,8.01478e-05,0.292588
717,11980,2,8,0.000103401,1.20618
718,17917,2,8,0.00012387,0.918051
719,26795,2,8,0.000156841,0.924003
720,40072,2,8,0.000178339,1.13839
721,59929,2,8,0.000193825,0.663881
722,89625,2,8,0.00038828,0.508003
723,134036,2,8,0.000513484,0.337271
724,200453,2,8,0.000572159,0.346253
725,299781,2,8,0.000859657,0.171863
726,448328,2,8,0.00106404,0.103342
727,670482,2,8,0.00149652,0.0955725
728,1002718,2,8,0.00205443,0.121361
729,1499582,2,8,0.002791,0.0927124
730,2242652,2,8,0.00363888,0.120673
731,3353926,2,8,0.0048809,0.173281
732,5015856,2,8,0.00708934,0.156176
733,7501302,2,8,0.00921297,0.122672
734,11218332,2,8,0.0149063,0.148734
735,16777216,2,8,0.0214742,0.11603
928,64,2,16,2.34543e-05,0.359451
929,96,2,16,2.91394e-05,0.530857
930,143,2,16,3.16512e-05,0.380537
931,214,2,16,8.3014e-05,1.52793
932,320,2,16,3.7192e-05,0.45015
933,479,2,16,6.36823e-05,1.47264
934,716,2,16,4.1758e-05,1.01505
935,1071,2,16,3.44964e-05,0.400913
936,1601,2,16,3.12709e-05,0.320898
937,2395,2,16,3.74429e-05,0.338497
938,3582,2,16,4.13741e-05,0.290923
939,5357,2,16,9.68288e-05,1.25349
940,8011,2,16,0.000115,1.05124
941,11980,2,16,0.000116128,0.492511
942,17917,2,16,0.000126121,0.426503
943,26795,2,16,0.000170724,0.796303
944,40072,2,16,0.000176547,0.867248
945,59929,2,16,0.000208505,0.587137
946,89625,2,16,0.000359237,0.425939
947,134036,2,16,0.000479672,0.231345
948,200453,2,16,0.000607312,0.179161
949,299781,2,16,0.000889036,0.171481
950,448328,2,16,0.00115169,0.186499
951,670482,2,16,0.00163258,0.148457
952,1002718,2,16,0.00215537,0.106558
953,1499582,2,16,0.00305738,0.193826
954,2242652,2,16,0.00433644,0.15198
955,3353926,2,16,0.00595681,0.128197
956,5015856,2,16,0.00822368,0.156851
957,7501302,2,16,0.0101095,0.134505
958,11218332,2,16,0.0165479,0.131783
959,16777216,2,16,0.0237545,0.123517
1152,64,2,32,3.16163e-05,0.421239
1153,96,2,32,3.56432e-05,0.157262
1154,143,2,32,3.30176e-05,0.246918
1155,214,2,32,5.3375e-05,1.45024
1156,320,2,32,5.86608e-05,1.56155
1157,479,2,32,5.37951e-05,1.32668
1158,716,2,32,5.46621e-05,0.912192
1159,1071,2,32,4.89383e-05,0.758937
1160,1601,2,32,4.513e-05,0.318752
1161,2395,2,32,5.00713e-05,0.263614
1162,3582,2,32,6.53369e-05,0.254506
1163,5357,2,32,9.3486e-05,0.515269
1164,8011,2,32,0.000109934,1.024
1165,11980,2,32,0.000100033,0.518531
1166,17917,2,32,0.000116808,0.597875
1167,26795,2,32,0.000156908,0.887276
1168,40072,2,32,0.000157336,0.473035
1169,59929,2,32,0.000175036,0.448435
1170,89625,2,32,0.000366274,0.280918
1171,134036,2,32,0.000468901,0.183341
1172,200453,2,32,0.000613365,0.198805
1173,299781,2,32,0.000931757,0.134469
1174,448328,2,32,0.00123815,0.13401
1175,670482,2,32,0.00175715,0.128232
1176,1002718,2,32,0.00566447,0.103984
1177,1499582,2,32,0.00755697,0.111552
1178,2242652,2,32,0.0104702,0.0919209
1179,3353926,2,32,0.0137554,0.118935
1180,5015856,2,32,0.0187368,0.109516
1181,7501302,2,32,0.0262873,0.101061
1182,11218332,2,32,0.0380897,0.0660112
1183,16777216,2,32,0.0566673,0.0338828
1376,64,2,64,3.5056e-05,0.201837
1377,96,2,64,4.50832e-05,0.681939
1378,143,2,64,3.93488e-05,0.508961
1379,214,2,64,3.99169e-05,0.290434
1380,320,2,64,4.23595e-05,0.304817
1381,479,2,64,4.49916e-05,0.379108
1382,716,2,64,4.44432e-05,0.29942
1383,1071,2,64,5.07925e-05,0.425725
1384,1601,2,64,4.75547e-05,0.29099
1385,2395,2,64,5.00612e-05,0.28435
1386,3582,2,64,5.52517e-05,0.251711
1387,5357,2,64,8.22177e-05,0.278205
1388,8011,2,64,0.000134236,1.01991
1389,11980,2,64,0.000118322,0.356161
1390,17917,2,64,0.000228613,0.728423
1391,26795,2,64,0.000199138,0.60844
1392,40072,2,64,0.000210962,0.530345
1393,59929,2,64,0.000248146,0.559031
1394,89625,2,64,0.000404617,0.423012
1395,134036,2,64,0.000586875,0.19445
1396,200453,2,64,0.00076063,0.195239
1397,299781,2,64,0.00111138,0.124686
1398,448328,2,64,0.00393763,0.0844111
1399,670482,2,64,0.00449534,0.119336
1400,1002718,2,64,0.00596621,0.128614
1401,1499582,2,64,0.00800606,0.168847
1402,2242652,2,64,0.0107454,0.193622
1403,3353926,2,64,0.0158713,0.217847
1404,5015856,2,64,0.020711,0.100228
1405,7501302,2,64,0.0279894,0.0727069
1406,11218332,2,64,0.0404442,0.0662404
1407,16777216,2,64,0.0676415,0.105315
64,64,4,1,2.44938e-05,0.539379
65,96,4,1,2.71854e-05,0.402583
66,143,4,1,3.19381e-05,0.771428
67,214,4,1,4.07813e-05,0.653039
68,320,4,1,2.63785e-05,0.333182
69,479,4,1,3.39485e-05,0.549582
70,716,4,1,3.59281e-05,0.695906
71,1071,4,1,3.31573e-05,0.368297
72,1601,4,1,3.85653e-05,0.617962
73,2395,4,1,3.3815e-05,0.64469
74,3582,4,1,4.10296e-05,0.536405
75,5357,4,1,3.76949e-05,0.380626
76,8011,4,1,5.34839e-05,0.528402
77,11980,4,1,6.24272e-05,0.501504
78,17917,4,1,7.71325e-05,0.571106
79,26795,4,1,0.00010848,0.433566
80,40072,4,1,0.000141025,0.458778
81,59929,4,1,0.000187896,0.299798
82,89625,4,1,0.000300662,0.406775
83,134036,4,1,0.000458877,0.340294
84,200453,4,1,0.000465155,0.298401
85,299781,4,1,0.000685844,0.33994
86,448328,4,1,0.000926868,0.139289
87,670482,4,1,0.00116101,0.127259
88,1002718,4,1,0.00144243,0.145033
89,1499582,4,1,0.00155514,0.187048
90,2242652,4,1,0.00193123,0.203011
91,3353926,4,1,0.00234351,0.268783
92,5015856,4,1,0.0031746,0.200169
93,7501302,4,1,0.00427121,0.175447
94,11218332,4,1,0.00577518,0.147471
95,16777216,4,1,0.00800561,0.165644
288,64,4,2,4.43791e-05,0.857746
289,96,4,2,4.62957e-05,0.440972
290,143,4,2,7.99714e-05,1.58439
291,214,4,2,4.18805e-05,0.35137
292,320,4,2,9.43747e-05,1.44343
293,479,4,2,5.28174e-05,0.649361
294,716,4,2,9.75032e-05,1.45367
295,1071,4,2,9.3804e-05,0.967619
296,1601,4,2,5.11453e-05,0.618468
297,2395,4,2,7.73891e-05,1.55002
298,3582,4,2,0.000113694,1.35303
299,5357,4,2,8.50657e-05,1.42851
300,8011,4,2,8.86622e-05,0.530441
301,11980,4,2,0.000110497,0.341254
302,17917,4,2,0.000136913,0.469726
303,26795,4,2,0.000184451,0.530208
304,40072,4,2,0.00025227,0.602731
305,59929,4,2,0.000227929,0.656889
306,89625,4,2,0.000413987,0.345239
307,134036,4,2,0.000533772,0.242473
308,200453,4,2,0.000693334,0.26986
309,299781,4,2,0.000955526,0.221944
310,448328,4,2,0.00111964,0.167125
311,670482,4,2,0.00157679,0.205015
312,1002718,4,2,0.00197558,0.177923
313,1499582,4,2,0.00245905,0.163128
314,2242652,4,2,0.00310398,0.13516
315,3353926,4,2,0.00401979,0.148775
316,5015856,4,2,0.00569517,0.138747
317,7501302,4,2,0.00780681,0.14634
318,11218332,4,2,0.0104814,0.140211
319,16777216,4,2,0.0157227,0.123419
512,64,4,4,3.59763e-05,0.666955
513,96,4,4,3.12292e-05,0.144949
514,143,4,4,3.82826e-05,0.352457
515,214,4,4,3.75606e-05,0.298639
516,320,4,4,4.47474e-05,0.569493
517,479,4,4,4.75084e-05,0.50068
518,716,4,4,0.00012379,1.98075
519,1071,4,4,0.00010222,1.74304
520,1601,4,4,0.000116062,1.34517
521,2395,4,4,5.18848e-05,0.400607
522,3582,4,4,4.75897e-05,0.3056
523,5357,4,4,5.72069e-05,0.444454
524,8011,4,4,6.58085e-05,0.265576
525,11980,4,4,8.99965e-05,0.316109
526,17917,4,4,0.000185444,1.12538
527,26795,4,4,0.000180681,1.14991
528,40072,4,4,0.000212383,1.19951
529,59929,4,4,0.00029809,0.876043
530,89625,4,4,0.000386789,0.658986
531,134036,4,4,0.000537574,0.434448
532,200453,4,4,0.000666612,0.254502
533,299781,4,4,0.000881019,0.152149
534,448328,4,4,0.00112746,0.13751
535,670482,4,4,0.00164887,0.191861
536,1002718,4,4,0.00218331,0.227718
537,1499582,4,4,0.00294044,0.156017
538,2242652,4,4,0.00366818,0.148349
539,3353926,4,4,0.00512707,0.1759
540,5015856,4,4,0.00756954,0.0799942
541,7501302,4,4,0.0100703,0.104647
542,11218332,4,4,0.0142016,0.124636
543,16777216,4,4,0.018901,0.135631
736,64,4,8,3.4594e-05,0.377466
737,96,4,8,4.31753e-05,0.564907
738,143,4,8,4.82735e-05,0.581496
739,214,4,8,4.50979e-05,0.39881
740,320,4,8,4.59068e-05,0.499761
741,479,4,8,4.87463e-05,0.432875
742,716,4,8,8.35843e-05,1.15087
743,1071,4,8,9.70656e-05,1.2493
744,1601,4,8,0.000118009,1.73781
745,2395,4,8,5.72858e-05,0.386103
746,3582,4,8,6.43382e-05,0.418119
747,5357,4,8,8.00611e-05,0.484297
748,8011,4,8,9.64249e-05,0.251113
749,11980,4,8,0.000159847,0.829457
750,17917,4,8,0.000176616,0.751106
751,26795,4,8,0.000219058,0.754515
752,40072,4,8,0.000247987,0.865473
753,59929,4,8,0.000261436,0.701038
754,89625,4,8,0.000488157,0.512098
755,134036,4,8,0.000614099,0.239051
756,200453,4,8,0.000777268,0.377956
757,299781,4,8,0.00105964,0.298378
758,448328,4,8,0.0013094,0.237774
759,670482,4,8,0.00174668,0.22102
760,1002718,4,8,0.0022736,0.161835
761,1499582,4,8,0.00315974,0.142205
762,2242652,4,8,0.00430749,0.1421
763,3353926,4,8,0.00525215,0.154934
764,5015856,4,8,0.00805254,0.114352
765,7501302,4,8,0.0109077,0.129742
766,11218332,4,8,0.0161974,0.0840197
767,16777216,4,8,0.0233501,0.119191
960,64,4,16,3.94282e-05,0.82597
961,96,4,16,3.88938e-05,0.353919
962,143,4,16,4.99651e-05,0.569812
963,214,4,16,9.57107e-05,1.43544
964,320,4,16,0.000125059,1.67235
965,479,4,16,8.60025e-05,1.53364
966,716,4,16,7.65655e-05,1.29904
967,1071,4,16,0.000113009,1.25269
968,1601,4,16,7.36253e-05,0.495438
969,2395,4,16,6.04869e-05,0.452435
970,3582,4,16,7.20903e-05,0.54413
971,5357,4,16,8.19995e-05,0.454661
972,8011,4,16,0.000154304,0.830127
973,11980,4,16,0.000150509,0.729731
974,17917,4,16,0.000148931,0.442452
975,26795,4,16,0.000203908,0.811193
976,40072,4,16,0.000225312,0.559405
977,59929,4,16,0.000276335,0.6162
978,89625,4,16,0.000442081,0.329912
979,134036,4,16,0.00057707,0.299822
980,200453,4,16,0.00071707,0.250269
981,299781,4,16,0.00102932,0.244564
982,448328,4,16,0.00134058,0.202048
983,670482,4,16,0.00175651,0.111522
984,1002718,4,16,0.00239356,0.187573
985,1499582,4,16,0.00326859,0.129608
986,2242652,4,16,0.00454857,0.107354
987,3353926,4,16,0.00620806,0.102888
988,5015856,4,16,0.00885707,0.132438
989,7501302,4,16,0.0124754,0.108635
990,11218332,4,16,0.0176096,0.0868817
991,16777216,4,16,0.0251532,0.122509
1184,64,4,32,4.80882e-05,0.754919
1185,96,4,32,4.74239e-05,0.716185
1186,143,4,32,4.82958e-05,0.303518
1187,214,4,32,6.96492e-05,0.698611
1188,320,4,32,6.64927e-05,0.897285
1189,479,4,32,7.58393e-05,1.06042
1190,716,4,32,5.57375e-05,0.401859
1191,1071,4,32,6.26058e-05,0.338387
1192,1601,4,32,6.88302e-05,0.384337
1193,2395,4,32,7.18678e-05,0.256661
1194,3582,4,32,8.98562e-05,0.73666
1195,5357,4,32,8.80963e-05,0.253487
1196,8011,4,32,0.000107331,0.26364
1197,11980,4,32,0.000134896,0.294678
1198,17917,4,32,0.000212137,0.42032
1199,26795,4,32,0.00021995,0.327219
1200,40072,4,32,0.000213891,0.462602
1201,59929,4,32,0.000279121,0.370454
1202,89625,4,32,0.000477265,0.277846
1203,134036,4,32,0.000574652,0.338409
1204,200453,4,32,0.000758517,0.245245
1205,299781,4,32,0.00104591,0.228776
1206,448328,4,32,0.00136789,0.12751
1207,670482,4,32,0.00196275,0.177026
1208,1002718,4,32,0.00247735,0.125748
1209,1499582,4,32,0.00338515,0.144877
1210,2242652,4,32,0.00471813,0.14832
1211,3353926,4,32,0.00651378,0.157362
1212,5015856,4,32,0.00935797,0.151425
1213,7501302,4,32,0.013283,0.114497
1214,11218332,4,32,0.0190914,0.11514
1215,16777216,4,32,0.0278181,0.0854473
1408,64,4,64,4.0625e-05,0.371401
1409,96,4,64,4.30206e-05,0.380013
1410,143,4,64,6.13714e-05,0.80112
1411,214,4,64,6.02468e-05,0.767747
1412,320,4,64,5.16612e-05,0.310726
1413,479,4,64,5.30925e-05,0.243638
1414,716,4,64,5.96863e-05,0.43081
1415,1071,4,64,6.17114e-05,0.37854
1416,1601,4,64,5.94229e-05,0.26487
1417,2395,4,64,7.00081e-05,0.302766
1418,3582,4,64,8.81053e-05,0.445123
1419,5357,4,64,8.07082e-05,0.272005
1420,8011,4,64,0.000106333,0.204731
1421,11980,4,64,0.000234197,0.65492
1422,17917,4,64,0.000208688,0.580062
1423,26795,4,64,0.000279047,1.14104
1424,40072,4,64,0.000291746,0.322448
1425,59929,4,64,0.000331926,0.575512
1426,89625,4,64,0.0005524,0.277081
1427,134036,4,64,0.000647398,0.184064
1428,200453,4,64,0.000918385,0.379117
1429,299781,4,64,0.00120173,0.195961
1430,448328,4,64,0.00155583,0.0878285
1431,670482,4,64,0.00551386,0.0858463
1432,1002718,4,64,0.00732829,0.0940287
1433,1499582,4,64,0.0100843,0.108961
1434,2242652,4,64,0.0141082,0.164503
1435,3353926,4,64,0.0208017,0.174041
1436,5015856,4,64,0.027285,0.0756793
1437,7501302,4,64,0.0389663,0.0604954
1438,11218332,4,64,0.0588751,0.0652622
1439,16777216,4,64,0.0901965,0.0516474
96,64,8,1,4.01322e-05,0.528986
97,96,8,1,4.12933e-05,0.438572
98,143,8,1,6.89323e-05,0.5321
99,214,8,1,4.95456e-05,0.468627
100,320,8,1,4.76346e-05,0.573997
101,479,8,1,4.57555e-05,0.371492
102,716,8,1,5.52867e-05,0.553309
103,1071,8,1,5.55445e-05,0.640237
104,1601,8,1,5.14735e-05,0.401022
105,2395,8,1,6.83425e-05,0.557166
106,3582,8,1,6.13643e-05,0.488783
107,5357,8,1,9.24443e-05,0.500608
108,8011,8,1,9.56884e-05,0.455185
109,11980,8,1,0.000105956,0.484156
110,17917,8,1,0.000139596,0.433814
111,26795,8,1,0.000210725,0.378618
112,40072,8,1,0.000276627,0.295933
113,59929,8,1,0.000263354,0.28351
114,89625,8,1,0.0004481,0.301508
115,134036,8,1,0.000595223,0.258324
116,200453,8,1,0.000619041,0.12234
117,299781,8,1,0.000869686,0.215315
118,448328,8,1,0.00131951,0.151797
119,670482,8,1,0.00189982,0.219437
120,1002718,8,1,0.00201871,0.123385
121,1499582,8,1,0.00243812,0.158545
122,2242652,8,1,0.00288945,0.131465
123,3353926,8,1,0.00554573,0.0793883
124,5015856,8,1,0.00608384,0.117444
125,7501302,8,1,0.00587621,0.218489
126,11218332,8,1,0.00740455,0.147384
127,16777216,8,1,0.00998202,0.119602
320,64,8,2,4.58252e-05,0.451433
321,96,8,2,5.31747e-05,0.377687
322,143,8,2,6.06617e-05,0.357968
323,214,8,2,6.21686e-05,0.49889
324,320,8,2,5.9566e-05,0.344366
325,479,8,2,6.00962e-05,0.386819
326,716,8,2,6.62004e-05,0.521018
327,1071,8,2,6.15842e-05,0.3704
328,1601,8,2,6.35422e-05,0.395828
329,2395,8,2,7.43243e-05,0.391129
330,3582,8,2,8.1756e-05,0.448994
331,5357,8,2,9.93769e-05,0.489009
332,8011,8,2,0.000128707,0.334379
333,11980,8,2,0.00012739,0.310554
334,17917,8,2,0.000167726,0.301754
335,26795,8,2,0.000169757,0.370518
336,40072,8,2,0.000227098,0.318553
337,59929,8,2,0.000269999,0.264994
338,89625,8,2,0.000333074,0.224585
339,134036,8,2,0.000584179,0.194918
340,200453,8,2,0.000721825,0.230396
341,299781,8,2,0.000960627,0.197873
342,448328,8,2,0.00137082,0.253118
343,670482,8,2,0.00171537,0.179159
344,1002718,8,2,0.00214024,0.211993
345,1499582,8,2,0.0027797,0.170599
346,2242652,8,2,0.00341065,0.118909
347,3353926,8,2,0.00472622,0.136554
348,5015856,8,2,0.00630259,0.0905944
349,7501302,8,2,0.00874088,0.16246
350,11218332,8,2,0.0123353,0.103581
351,16777216,8,2,0.0155279,0.0914997
544,64,8,4,4.95888e-05,0.489256
545,96,8,4,6.01894e-05,0.433991
546,143,8,4,6.30919e-05,0.527302
547,214,8,4,6.17082e-05,0.396395
548,320,8,4,6.29993e-05,0.653573
549,479,8,4,6.29062e-05,0.440037
550,716,8,4,6.63235e-05,0.374025
551,1071,8,4,6.24966e-05,0.337719
552,1601,8,4,6.73404e-05,0.423001
553,2395,8,4,7.50462e-05,0.340431
554,3582,8,4,7.9927e-05,0.363242
555,5357,8,4,9.59846e-05,0.35412
556,8011,8,4,0.000119923,0.317117
557,11980,8,4,0.000152672,0.352494
558,17917,8,4,0.000223323,0.864854
559,26795,8,4,0.000255379,0.759007
560,40072,8,4,0.000285125,0.620221
561,59929,8,4,0.000405172,0.678927
562,89625,8,4,0.000488489,0.462504
563,134036,8,4,0.000673942,0.46847
564,200453,8,4,0.000827924,0.307292
565,299781,8,4,0.00106798,0.214857
566,448328,8,4,0.00133818,0.177373
567,670482,8,4,0.00181365,0.24746
568,1002718,8,4,0.0023946,0.192377
569,1499582,8,4,0.00312973,0.192195
570,2242652,8,4,0.00410918,0.155443
571,3353926,8,4,0.00598985,0.102088
572,5015856,8,4,0.00813393,0.0668636
573,7501302,8,4,0.0111758,0.109091
574,11218332,8,4,0.0157755,0.103915
575,16777216,8,4,0.0218271,0.151501
768,64,8,8,4.93985e-05,0.42224
769,96,8,8,6.52151e-05,0.434677
770,143,8,8,6.58524e-05,0.339209
771,214,8,8,7.0736e-05,0.477128
772,320,8,8,6.65673e-05,0.4375
773,479,8,8,7.22475e-05,0.332241
774,716,8,8,0.000123651,1.36179
775,1071,8,8,0.000147477,1.28812
776,1601,8,8,0.000138834,1.07075
777,2395,8,8,8.7891e-05,0.391902
778,3582,8,8,9.93838e-05,0.34177
779,5357,8,8,0.000118517,0.400971
780,8011,8,8,0.000119703,0.277906
781,11980,8,8,0.000223426,0.747833
782,17917,8,8,0.000240299,0.737554
783,26795,8,8,0.000276766,0.688504
784,40072,8,8,0.000301586,0.572837
785,59929,8,8,0.000375516,0.578024
786,89625,8,8,0.000540425,0.459456
787,134036,8,8,0.000790141,0.404764
788,200453,8,8,0.000830129,0.230618
789,299781,8,8,0.00121093,0.275908
790,448328,8,8,0.00149659,0.226174
791,670482,8,8,0.00190391,0.155966
792,1002718,8,8,0.00255774,0.181831
793,1499582,8,8,0.00348726,0.171456
794,2242652,8,8,0.00461747,0.169492
795,3353926,8,8,0.0064387,0.181076
796,5015856,8,8,0.00867932,0.158006
797,7501302,8,8,0.0123462,0.131313
798,11218332,8,8,0.0172304,0.110639
799,16777216,8,8,0.0245389,0.10554
992,64,8,16,5.58121e-05,0.445407
993,96,8,16,5.81286e-05,0.322868
994,143,8,16,6.85367e-05,0.395495
995,214,8,16,0.000103539,1.13405
996,320,8,16,9.79533e-05,1.00011
997,479,8,16,0.000140022,1.29441
998,716,8,16,7.73069e-05,0.528778
999,1071,8,16,8.52847e-05,0.640703
1000,1601,8,16,7.86807e-05,0.46065
1001,2395,8,16,9.42061e-05,0.528824
1002,3582,8,16,9.4241e-05,0.240865
1003,5357,8,16,0.000109747,0.309619
1004,8011,8,16,0.000137623,0.282747
1005,11980,8,16,0.000238531,0.598845
1006,17917,8,16,0.000270632,0.53199
1007,26795,8,16,0.00028594,0.518727
1008,40072,8,16,0.000326481,0.497402
1009,59929,8,16,0.000376432,0.538028
1010,89625,8,16,0.000525446,0.262362
1011,134036,8,16,0.000645131,0.202961
1012,200453,8,16,0.000816616,0.267024
1013,299781,8,16,0.00116033,0.184139
1014,448328,8,16,0.00150171,0.193091
1015,670482,8,16,0.00199266,0.187148
1016,1002718,8,16,0.00255805,0.124378
1017,1499582,8,16,0.00339807,0.120672
1018,2242652,8,16,0.00484245,0.155116
1019,3353926,8,16,0.00656559,0.121711
1020,5015856,8,16,0.00920934,0.162196
1021,7501302,8,16,0.0129525,0.136
1022,11218332,8,16,0.0180742,0.11549
1023,16777216,8,16,0.0264281,0.122527
1216,64,8,32,7.13759e-05,1.00191
1217,96,8,32,6.48794e-05,0.41255
1218,143,8,32,8.18723e-05,0.520766
1219,214,8,32,7.68309e-05,0.280371
1220,320,8,32,0.000100463,0.551552
1221,479,8,32,0.000110033,0.5308
1222,716,8,32,9.55188e-05,0.289719
1223,1071,8,32,0.000113864,1.16174
1224,1601,8,32,0.00010487,0.760171
1225,2395,8,32,0.000104699,0.254522
1226,3582,8,32,0.000103997,0.280003
1227,5357,8,32,0.000174519,0.287233
1228,8011,8,32,0.000191359,0.341231
1229,11980,8,32,0.000234065,0.390206
1230,17917,8,32,0.000208242,0.569506
1231,26795,8,32,0.000242024,0.232651
1232,40072,8,32,0.000295717,0.286784
1233,59929,8,32,0.000350773,0.354698
1234,89625,8,32,0.00051817,0.255086
1235,134036,8,32,0.000678835,0.17352
1236,200453,8,32,0.000789025,0.196346
1237,299781,8,32,0.00112041,0.158049
1238,448328,8,32,0.00149234,0.135141
1239,670482,8,32,0.00201581,0.134895
1240,1002718,8,32,0.00259618,0.119954
1241,1499582,8,32,0.00360052,0.18321
1242,2242652,8,32,0.004878,0.105919
1243,3353926,8,32,0.00689197,0.178761
1244,5015856,8,32,0.00971655,0.134857
1245,7501302,8,32,0.0136423,0.110521
1246,11218332,8,32,0.0197131,0.10779
1247,16777216,8,32,0.0286796,0.112735
1440,64,8,64,6.72598e-05,0.80942
1441,96,8,64,0.000191453,2.75749
1442,143,8,64,8.07806e-05,0.966961
1443,214,8,64,9.22095e-05,0.714287
1444,320,8,64,7.89189e-05,0.313096
1445,479,8,64,8.53882e-05,0.283606
1446,716,8,64,8.63295e-05,0.524955
1447,1071,8,64,0.000101147,0.589237
1448,1601,8,64,9.76318e-05,0.444519
1449,2395,8,64,0.000103513,0.623817
1450,3582,8,64,0.000104573,0.166572
1451,5357,8,64,0.000129751,0.200508
1452,8011,8,64,0.000157955,0.218992
1453,11980,8,64,0.000216836,0.393876
1454,17917,8,64,0.000249402,0.4452
1455,26795,8,64,0.000309592,0.669445
1456,40072,8,64,0.000339042,0.312023
1457,59929,8,64,0.000439921,0.497359
1458,89625,8,64,0.000666695,0.253752
1459,134036,8,64,0.000744543,0.227708
1460,200453,8,64,0.000960915,0.19341
1461,299781,8,64,0.00129939,0.124112
1462,448328,8,64,0.00168089,0.105204
1463,670482,8,64,0.00618185,0.0909753
1464,1002718,8,64,0.00824425,0.0576663
1465,1499582,8,64,0.0110017,0.117311
1466,2242652,8,64,0.0148031,0.138999
1467,3353926,8,64,0.021781,0.145165
1468,5015856,8,64,0.0276394,0.0817086
1469,7501302,8,64,0.0399026,0.0666832
1470,11218332,8,64,0.0591011,0.0506564
1471,16777216,8,64,0.0897367,0.0658679
128,64,16,1,5.87144e-05,0.407257
129,96,16,1,6.64573e-05,0.408845
130,143,16,1,8.11924e-05,0.427401
131,214,16,1,7.08617e-05,0.324637
132,320,16,1,8.08757e-05,0.45795
133,479,16,1,7.54187e-05,0.4041
134,716,16,1,8.02228e-05,0.361389
135,1071,16,1,8.71989e-05,0.3991
136,1601,16,1,8.50895e-05,0.357981
137,2395,16,1,0.00010889,0.356692
138,3582,16,1,9.1786e-05,0.260531
139,5357,16,1,0.00013103,0.372179
140,8011,16,1,0.000138704,0.363411
141,11980,16,1,0.000182128,0.444114
142,17917,16,1,0.000219964,0.363655
143,26795,16,1,0.000256577,0.180231
144,40072,16,1,0.000297973,0.238989
145,59929,16,1,0.000358168,0.235717
146,89625,16,1,0.000554382,0.296975
147,134036,16,1,0.000665379,0.275079
148,200453,16,1,0.00113988,0.250273
149,299781,16,1,0.00130144,0.220181
150,448328,16,1,0.00143729,0.180567
151,670482,16,1,0.00193417,0.204265
152,1002718,16,1,0.00219299,0.141933
153,1499582,16,1,0.00289809,0.183067
154,2242652,16,1,0.00340635,0.128286
155,3353926,16,1,0.00539113,0.095762
156,5015856,16,1,0.007107,0.102121
157,7501302,16,1,0.0100908,0.061552
158,11218332,16,1,0.00871287,0.115763
159,16777216,16,1,0.0111027,0.121416
352,64,16,2,6.9011e-05,0.328872
353,96,16,2,7.94673e-05,0.363859
354,143,16,2,8.41596e-05,0.344901
355,214,16,2,0.000124384,1.45676
356,320,16,2,8.25013e-05,0.382534
357,479,16,2,9.34576e-05,0.324434
358,716,16,2,8.61002e-05,0.439226
359,1071,16,2,9.83144e-05,0.374625
360,1601,16,2,9.70476e-05,0.394733
361,2395,16,2,0.000116672,0.355449
362,3582,16,2,0.000126681,0.381726
363,5357,16,2,0.000133495,0.247547
364,8011,16,2,0.000172338,0.33271
365,11980,16,2,0.000178254,0.266789
366,17917,16,2,0.00020661,0.228424
367,26795,16,2,0.000243634,0.227165
368,40072,16,2,0.000283082,0.233128
369,59929,16,2,0.000346793,0.216502
370,89625,16,2,0.000388149,0.27056
371,134036,16,2,0.000635191,0.177118
372,200453,16,2,0.000813293,0.196255
373,299781,16,2,0.00117612,0.236227
374,448328,16,2,0.00140519,0.223116
375,670482,16,2,0.00192264,0.214319
376,1002718,16,2,0.00230546,0.188567
377,1499582,16,2,0.00304995,0.20911
378,2242652,16,2,0.00388042,0.152215
379,3353926,16,2,0.0061054,0.0875042
380,5015856,16,2,0.00755725,0.162487
381,7501302,16,2,0.0104265,0.132902
382,11218332,16,2,0.0136931,0.135477
383,16777216,16,2,0.01869,0.119157
576,64,16,4,6.6477e-05,0.296664
577,96,16,4,8.05595e-05,0.404864
578,143,16,4,8.30327e-05,0.267356
579,214,16,4,9.01969e-05,0.311135
580,320,16,4,7.98348e-05,0.283743
581,479,16,4,9.18528e-05,0.339329
582,716,16,4,8.31461e-05,0.451225
583,1071,16,4,0.000108056,0.353735
584,1601,16,4,8.74044e-05,0.298445
585,2395,16,4,0.000120434,0.297157
586,3582,16,4,0.000123057,0.479853
587,5357,16,4,0.000133851,0.470706
588,8011,16,4,0.00018172,0.403168
589,11980,16,4,0.000216664,0.391011
590,17917,16,4,0.000386048,0.641409
591,26795,16,4,0.000318989,0.637663
592,40072,16,4,0.00039882,0.578543
593,59929,16,4,0.000414551,0.682362
594,89625,16,4,0.000586689,0.359844
595,134036,16,4,0.000716992,0.309195
596,200453,16,4,0.00099415,0.378677
597,299781,16,4,0.00115388,0.214442
598,448328,16,4,0.00145053,0.200012
599,670482,16,4,0.00204484,0.235297
600,1002718,16,4,0.00268952,0.180375
601,1499582,16,4,0.00349292,0.234667
602,2242652,16,4,0.00452635,0.157008
603,3353926,16,4,0.00630551,0.155479
604,5015856,16,4,0.00867216,0.156861
605,7501302,16,4,0.0117442,0.116258
606,11218332,16,4,0.0162576,0.099888
607,16777216,16,4,0.0230462,0.102692
800,64,16,8,6.57393e-05,0.419973
801,96,16,8,8.11247e-05,0.319614
802,143,16,8,8.94278e-05,0.307694
803,214,16,8,9.02617e-05,0.387195
804,320,16,8,8.28059e-05,0.356863
805,479,16,8,9.34265e-05,0.332785
806,716,16,8,9.01081e-05,0.28559
807,1071,16,8,0.000100341,0.27152
808,1601,16,8,0.000101296,0.328317
809,2395,16,8,0.000126354,0.312093
810,3582,16,8,0.000139038,0.331968
811,5357,16,8,0.000158797,0.337745
812,8011,16,8,0.000174056,0.202373
813,11980,16,8,0.000315747,0.674139
814,17917,16,8,0.000341067,0.603099
815,26795,16,8,0.000357306,0.665939
816,40072,16,8,0.000420085,0.620399
817,59929,16,8,0.000451519,0.457706
818,89625,16,8,0.000627705,0.374374
819,134036,16,8,0.000833337,0.338837
820,200453,16,8,0.00101931,0.245732
821,299781,16,8,0.00129461,0.269177
822,448328,16,8,0.00163153,0.1904
823,670482,16,8,0.0021588,0.185706
824,1002718,16,8,0.00277013,0.212534
825,1499582,16,8,0.0036201,0.187501
826,2242652,16,8,0.00490759,0.126312
827,3353926,16,8,0.00665229,0.133102
828,5015856,16,8,0.00909709,0.11046
829,7501302,16,8,0.012505,0.0780997
830,11218332,16,8,0.0181489,0.0825756
831,16777216,16,8,0.0255557,0.117857
1024,64,16,16,7.62449e-05,0.408272
1025,96,16,16,8.17637e-05,0.307858
1026,143,16,16,8.92991e-05,0.256577
1027,214,16,16,0.00014931,0.989632
1028,320,16,16,0.000149241,0.843314
1029,479,16,16,0.000163708,0.789032
1030,716,16,16,0.000161604,0.869114
1031,1071,16,16,9.60152e-05,0.251517
1032,1601,16,16,0.000100872,0.284162
1033,2395,16,16,0.000117594,0.270419
1034,3582,16,16,0.000134187,0.431348
1035,5357,16,16,0.000133846,0.283658
1036,8011,16,16,0.000178409,0.196038
1037,11980,16,16,0.000234344,0.273701
1038,17917,16,16,0.000293887,0.480258
1039,26795,16,16,0.000323416,0.532266
1040,40072,16,16,0.000377382,0.372495
1041,59929,16,16,0.000435784,0.408618
1042,89625,16,16,0.000648435,0.358845
1043,134036,16,16,0.000757685,0.309355
1044,200453,16,16,0.000916995,0.257711
1045,299781,16,16,0.00126983,0.186998
1046,448328,16,16,0.00161903,0.223669
1047,670482,16,16,0.00210557,0.191931
1048,1002718,16,16,0.00265725,0.143474
1049,1499582,16,16,0.00357096,0.15715
1050,2242652,16,16,0.00498804,0.186697
1051,3353926,16,16,0.00676422,0.15377
1052,5015856,16,16,0.00947593,0.140387
1053,7501302,16,16,0.0129814,0.116718
1054,11218332,16,16,0.0185384,0.116183
1055,16777216,16,16,0.0269149,0.0816265
1248,64,16,32,8.3494e-05,0.487569
1249,96,16,32,9.12483e-05,0.299017
1250,143,16,32,8.94287e-05,0.252746
1251,214,16,32,0.000102231,0.465421
1252,320,16,32,9.84122e-05,0.326558
1253,479,16,32,0.000132576,0.489509
1254,716,16,32,0.000139384,0.738887
1255,1071,16,32,0.000121625,0.523188
1256,1601,16,32,0.000144225,1.09954
1257,2395,16,32,0.000134421,0.334409
1258,3582,16,32,0.000128919,0.183717
1259,5357,16,32,0.000154226,0.312774
1260,8011,16,32,0.000179969,0.233187
1261,11980,16,32,0.000238013,0.386772
1262,17917,16,32,0.000271783,0.193827
1263,26795,16,32,0.000307919,0.262624
1264,40072,16,32,0.000335547,0.245282
1265,59929,16,32,0.000404027,0.313808
1266,89625,16,32,0.000625006,0.323649
1267,134036,16,32,0.0007358,0.220431
1268,200453,16,32,0.000883343,0.222912
1269,299781,16,32,0.00121858,0.129544
1270,448328,16,32,0.00159725,0.142943
1271,670482,16,32,0.00211529,0.13429
1272,1002718,16,32,0.00277353,0.152146
1273,1499582,16,32,0.00364198,0.137993
1274,2242652,16,32,0.00508018,0.117718
1275,3353926,16,32,0.00712203,0.120805
1276,5015856,16,32,0.00989467,0.100503
1277,7501302,16,32,0.0140384,0.0949996
1278,11218332,16,32,0.0202492,0.0766645
1279,16777216,16,32,0.0293219,0.0909331
1472,64,16,64,7.62169e-05,0.213351
1473,96,16,64,0.000104339,0.210215
1474,143,16,64,0.000102957,0.18806
1475,214,16,64,0.000163256,1.22089
1476,320,16,64,0.000240408,1.56978
1477,479,16,64,0.000422488,2.90852
1478,716,16,64,9.60178e-05,0.139652
1479,1071,16,64,0.000105656,0.289569
1480,1601,16,64,0.000109151,0.208704
1481,2395,16,64,0.000122116,0.29267
1482,3582,16,64,0.000142344,0.485647
1483,5357,16,64,0.000170379,0.283186
1484,8011,16,64,0.000224559,1.00088
1485,11980,16,64,0.000287101,0.709284
1486,17917,16,64,0.000314647,0.530752
1487,26795,16,64,0.000357625,0.710513
1488,40072,16,64,0.000415488,0.56814
1489,59929,16,64,0.000509089,0.435187
1490,89625,16,64,0.000741156,0.188097
1491,134036,16,64,0.00081819,0.154019
1492,200453,16,64,0.00105871,0.215916
1493,299781,16,64,0.00139949,0.178942
1494,448328,16,64,0.00176886,0.100738
1495,670482,16,64,0.00240358,0.20581
1496,1002718,16,64,0.00848015,0.0830181
1497,1499582,16,64,0.0118918,0.10089
1498,2242652,16,64,0.0156164,0.160264
1499,3353926,16,64,0.022655,0.135388
1500,5015856,16,64,0.0289931,0.083369
1501,7501302,16,64,0.0398051,0.101323
1502,11218332,16,64,0.0616946,0.0707334
1503,16777216,16,64,0.102057,0.0512214
160,64,32,1,7.66755e-05,0.387365
161,96,32,1,9.029e-05,0.335233
162,143,32,1,9.88466e-05,0.350843
163,214,32,1,9.53569e-05,0.381273
164,320,32,1,9.46201e-05,0.345337
165,479,32,1,0.000103784,0.278077
166,716,32,1,0.000106823,0.323521
167,1071,32,1,0.000138557,0.332021
168,1601,32,1,0.0001102,0.324909
169,2395,32,1,0.00012107,0.260689
170,3582,32,1,0.000134285,0.234487
171,5357,32,1,0.00017384,0.381225
172,8011,32,1,0.00020101,0.321073
173,11980,32,1,0.000237988,0.286016
174,17917,32,1,0.000317378,0.380823
175,26795,32,1,0.000306669,0.196158
176,40072,32,1,0.000345198,0.26872
177,59929,32,1,0.000403088,0.216579
178,89625,32,1,0.00060482,0.192256
179,134036,32,1,0.000811702,0.189396
180,200453,32,1,0.00141392,0.214312
181,299781,32,1,0.00183494,0.197773
182,448328,32,1,0.00162675,0.186756
183,670482,32,1,0.00214121,0.205342
184,1002718,32,1,0.00241736,0.191815
185,1499582,32,1,0.0031279,0.151289
186,2242652,32,1,0.00428366,0.135065
187,3353926,32,1,0.00620379,0.0756975
188,5015856,32,1,0.0078031,0.100897
189,7501302,32,1,0.00971608,0.0761556
190,11218332,32,1,0.00977647,0.126989
191,16777216,32,1,0.0123696,0.115899
384,64,32,2,9.3783e-05,0.308481
385,96,32,2,0.00010143,0.360815
386,143,32,2,0.000107501,0.309753
387,214,32,2,0.000115335,0.313971
388,320,32,2,0.000110085,0.306977
389,479,32,2,0.000122051,0.283351
390,716,32,2,0.000117888,0.356976
391,1071,32,2,0.000123894,0.361881
392,1601,32,2,0.000109182,0.149143
393,2395,32,2,0.000147107,0.240907
394,3582,32,2,0.000156889,0.297664
395,5357,32,2,0.000181101,0.267418
396,8011,32,2,0.000234269,0.304834
397,11980,32,2,0.000230788,0.209505
398,17917,32,2,0.000267399,0.199709
399,26795,32,2,0.000284626,0.216825
400,40072,32,2,0.000353392,0.165217
401,59929,32,2,0.000398274,0.173261
402,89625,32,2,0.000486854,0.191773
403,134036,32,2,0.000725029,0.167993
404,200453,32,2,0.000953516,0.215869
405,299781,32,2,0.00137226,0.196069
406,448328,32,2,0.00166605,0.301551
407,670482,32,2,0.00226861,0.228195
408,1002718,32,2,0.00262751,0.190037
409,1499582,32,2,0.00348268,0.246872
410,2242652,32,2,0.0043519,0.206183
411,3353926,32,2,0.0058537,0.135938
412,5015856,32,2,0.00792155,0.130986
413,7501302,32,2,0.010721,0.148723
414,11218332,32,2,0.0148829,0.101389
415,16777216,32,2,0.0202882,0.103495
608,64,32,4,8.51499e-05,0.233979
609,96,32,4,0.000104876,0.227942
610,143,32,4,0.000109825,0.202372
611,214,32,4,0.00010526,0.25947
612,320,32,4,0.000113494,0.326711
613,479,32,4,0.000118004,0.23291
614,716,32,4,0.000118382,0.291715
615,1071,32,4,0.000124713,0.299911
616,1601,32,4,0.000129413,0.317522
617,2395,32,4,0.000129684,0.200364
618,3582,32,4,0.000155242,0.212547
619,5357,32,4,0.000168775,0.249564
620,8011,32,4,0.000223066,0.247436
621,11980,32,4,0.00030129,0.288629
622,17917,32,4,0.000343188,0.715603
623,26795,32,4,0.000512165,0.512411
624,40072,32,4,0.000404975,0.58813
625,59929,32,4,0.00055062,0.542969
626,89625,32,4,0.000676153,0.329124
627,134036,32,4,0.000896414,0.336119
628,200453,32,4,0.00113538,0.226855
629,299781,32,4,0.00142398,0.248531
630,448328,32,4,0.00161468,0.205358
631,670482,32,4,0.00230056,0.193491
632,1002718,32,4,0.00280153,0.195272
633,1499582,32,4,0.00379693,0.158629
634,2242652,32,4,0.00482676,0.161617
635,3353926,32,4,0.0066239,0.126552
636,5015856,32,4,0.00904056,0.157277
637,7501302,32,4,0.0123748,0.118379
638,11218332,32,4,0.0168698,0.0923843
639,16777216,32,4,0.0240013,0.0937244
832,64,32,8,9.12394e-05,0.542614
833,96,32,8,0.000113611,0.240543
834,143,32,8,0.000107126,0.204545
835,214,32,8,0.000110721,0.234698
836,320,32,8,0.000114697,0.267654
837,479,32,8,0.000119853,0.222828
838,716,32,8,0.000120438,0.179438
839,1071,32,8,0.000136407,0.218094
840,1601,32,8,0.00013483,0.234772
841,2395,32,8,0.000151809,0.234681
842,3582,32,8,0.000168419,0.192874
843,5357,32,8,0.000212095,0.235167
844,8011,32,8,0.00025393,0.26753
845,11980,32,8,0.000367035,0.595457
846,17917,32,8,0.000396344,0.835203
847,26795,32,8,0.000441676,0.815092
848,40072,32,8,0.000505316,0.521537
849,59929,32,8,0.000550033,0.46046
850,89625,32,8,0.000699055,0.341364
851,134036,32,8,0.000938787,0.323677
852,200453,32,8,0.00109164,0.323898
853,299781,32,8,0.00138021,0.213853
854,448328,32,8,0.00182478,0.204273
855,670482,32,8,0.00225043,0.175479
856,1002718,32,8,0.00284112,0.14537
857,1499582,32,8,0.00389652,0.144696
858,2242652,32,8,0.00518444,0.150158
859,3353926,32,8,0.00689769,0.123651
860,5015856,32,8,0.00942751,0.0976657
861,7501302,32,8,0.0130025,0.113481
862,11218332,32,8,0.0184604,0.12784
863,16777216,32,8,0.025844,0.128496
1056,64,32,16,8.77346e-05,0.270294
1057,96,32,16,9.64658e-05,0.217593
1058,143,32,16,0.000106605,0.376977
1059,214,32,16,0.00011974,0.429801
1060,320,32,16,0.000113977,0.266835
1061,479,32,16,0.000197099,0.93247
1062,716,32,16,0.000122881,0.357028
1063,1071,32,16,0.000133993,0.426657
1064,1601,32,16,0.00012914,0.307633
1065,2395,32,16,0.000146989,0.398713
1066,3582,32,16,0.000169951,0.338445
1067,5357,32,16,0.000186414,0.356348
1068,8011,32,16,0.000229155,0.276812
1069,11980,32,16,0.000263237,0.23634
1070,17917,32,16,0.00036871,0.430186
1071,26795,32,16,0.000368223,0.406285
1072,40072,32,16,0.000411781,0.435462
1073,59929,32,16,0.000518805,0.466771
1074,89625,32,16,0.000693673,0.297138
1075,134036,32,16,0.000828771,0.224441
1076,200453,32,16,0.00100735,0.252339
1077,299781,32,16,0.00132974,0.212588
1078,448328,32,16,0.0016277,0.148906
1079,670482,32,16,0.0022252,0.151474
1080,1002718,32,16,0.00282932,0.169901
1081,1499582,32,16,0.00371067,0.132305
1082,2242652,32,16,0.00514295,0.158522
1083,3353926,32,16,0.00703738,0.119535
1084,5015856,32,16,0.00992518,0.148015
1085,7501302,32,16,0.0134232,0.11212
1086,11218332,32,16,0.0191254,0.113103
1087,16777216,32,16,0.0277804,0.128321
1280,64,32,32,0.00010223,0.43959
1281,96,32,32,0.000119594,0.35922
1282,143,32,32,0.000112246,0.132927
1283,214,32,32,0.000129003,0.309725
1284,320,32,32,0.000120566,0.530466
1285,479,32,32,0.000127369,0.282803
1286,716,32,32,0.000123492,0.274078
1287,1071,32,32,0.000144713,0.4905
1288,1601,32,32,0.000144532,0.243769
1289,2395,32,32,0.000156137,0.355417
1290,3582,32,32,0.000165819,0.275797
1291,5357,32,32,0.000176985,0.238077
1292,8011,32,32,0.000263962,0.516087
1293,11980,32,32,0.00027619,0.208002
1294,17917,32,32,0.000358958,0.49667
1295,26795,32,32,0.000350349,0.407585
1296,40072,32,32,0.000398598,0.34118
1297,59929,32,32,0.000444393,0.219594
1298,89625,32,32,0.000711751,0.284804
1299,134036,32,32,0.000764065,0.204974
1300,200453,32,32,0.000940523,0.208581
1301,299781,32,32,0.00131318,0.182492
1302,448328,32,32,0.00166395,0.155414
1303,670482,32,32,0.00213651,0.102008
1304,1002718,32,32,0.00290292,0.165212
1305,1499582,32,32,0.00383424,0.15278
1306,2242652,32,32,0.00513505,0.112029
1307,3353926,32,32,0.00716644,0.129914
1308,5015856,32,32,0.0102121,0.114737
1309,7501302,32,32,0.014175,0.10632
1310,11218332,32,32,0.0208078,0.104397
1311,16777216,32,32,0.0295617,0.0885012
1504,64,32,64,0.000109253,0.671564
1505,96,32,64,0.000121759,0.206161
1506,143,32,64,0.000127667,0.273197
1507,214,32,64,0.000132483,0.572478
1508,320,32,64,0.000138545,0.765149
1509,479,32,64,0.0001475,0.747481
1510,716,32,64,0.000147284,0.543578
1511,1071,32,64,0.000234864,1.97457
1512,1601,32,64,0.000132709,0.192072
1513,2395,32,64,0.000148513,0.151938
1514,3582,32,64,0.000153198,0.16544
1515,5357,32,64,0.000193219,0.174173
1516,8011,32,64,0.000240964,0.234052
1517,11980,32,64,0.00031189,0.226342
1518,17917,32,64,0.000367364,0.306767
1519,26795,32,64,0.000406457,0.398784
1520,40072,32,64,0.000533778,0.9603
1521,59929,32,64,0.000544187,0.448779
1522,89625,32,64,0.000993077,0.434081
1523,134036,32,64,0.000958681,0.158316
1524,200453,32,64,0.00114275,0.15257
1525,299781,32,64,0.00150698,0.200786
1526,448328,32,64,0.00187294,0.163888
1527,670482,32,64,0.00251005,0.146571
1528,1002718,32,64,0.00321686,0.138782
1529,1499582,32,64,0.00423092,0.146318
1530,2242652,32,64,0.00591783,0.144337
1531,3353926,32,64,0.00820544,0.200772
1532,5015856,32,64,0.0113704,0.119769
1533,7501302,32,64,0.0163058,0.0861014
1534,11218332,32,64,0.0237165,0.111308
1535,16777216,32,64,0.0340203,0.0895139
