msgsize,ppn,nnodes,avg,std
19255,4309419,4,128,0.00599149,0.304445
5908,62801856,2,128,0.0452738,0.0703614
11836,10528765,64,128,0.0121254,0.0375488
9276,68361,8,128,0.000419335,0.206003
12408,4769102,32,128,0.00526522,0.0858323
45390,3317686,1,128,0.00259399,0.10623
55826,43442024,1,128,0.0154597,0.069599
20048,83692,2,128,0.000533503,0.414658
5893,368923,8,128,0.00120526,0.246317
1923,712759,64,128,0.00237756,0.201207
29077,5456776,1,128,0.00947732,0.0706598
15011,20857264,8,128,0.0177638,0.0371598
49409,16200101,1,128,0.0235798,0.103216
17488,27984269,2,128,0.0196627,0.0652393
4356,1375723,16,128,0.00246648,0.126836
64624,7015722,1,128,0.00370095,0.105842
3349,544798,4,128,0.00159068,0.348627
8736,179331,8,128,0.000757885,0.235446
12307,655616,16,128,0.00175494,0.190171
13493,16058008,8,128,0.0138767,0.0487479
40206,400653,64,128,0.0013087,0.144124
12493,372812,1,128,0.001104,0.240961
56132,1634500,1,128,0.0018869,0.0995489
7765,5676789,16,128,0.00601743,0.0660557
8508,658495,16,128,0.00166206,0.195605
4686,957006,2,128,0.00156538,0.202844
64647,2351131,1,128,0.00220007,0.161051
31764,967583,1,128,0.00148848,0.171494
9907,105276,4,128,0.000626721,0.490248
8448,4312481,64,128,0.00587046,0.0954646
36545,38700609,1,128,0.0135304,0.0537718
31151,1618971,1,128,0.00196688,0.121403
1677,18335877,8,128,0.0171776,0.119459
15511,123088,1,128,0.000485407,0.23992
4736,36892947,64,128,0.0393617,0.0276549
3297,13588965,16,128,0.0120829,0.0611545
4707,348082,32,128,0.00109618,0.218214
20878,62175913,64,128,0.0666502,0.0214403
33281,46772708,64,128,0.0500107,0.0263659
17984,166348,4,128,0.000945298,0.368464
16111,3943614,64,128,0.00532431,0.0553623
56240,242456,1,128,0.000916856,0.183903
7364,14266923,8,128,0.012509,0.0497863
8918,25088268,2,128,0.0175685,0.088398
27846,60877168,1,128,0.0214488,0.0383212
2183,14497190,64,128,0.0158922,0.0312858
20100,7427235,64,128,0.00887153,0.0337124
23679,26517911,64,128,0.0283254,0.0249337
14335,11678332,1,128,0.0051859,0.105146
64238,758778,1,128,0.00149555,0.200288
61880,37558647,1,128,0.0132454,0.0854396
13207,140714,1,128,0.000623652,0.213749
4445,336839,2,128,0.00121505,0.337683
20246,61121683,64,128,0.0662511,0.0272829
15910,6440505,4,128,0.00864941,0.270428
17652,2896181,8,128,0.00371791,0.0926478
14585,3257575,1,128,0.00259314,0.124943
25088,4555716,64,128,0.00597133,0.048364
24679,1216714,1,128,0.00171975,0.163877
4556,231087,16,128,0.000988783,0.256264
55599,14517807,1,128,0.00582765,0.13526
32089,372016,64,128,0.00131987,0.183155
169,22766887,32,128,0.0192461,0.0732085
44732,3131211,1,128,0.00269274,0.142568
1120,3033757,64,128,0.00457576,0.0890589
32644,621632,64,128,0.00219375,0.226534
18003,4012435,64,128,0.00546619,0.0638406
1607,1035455,16,128,0.00197903,0.126614
12348,94287,2,128,0.000538744,0.352964
3200,3443760,8,128,0.00423112,0.367827
61669,225135,1,128,0.00085911,0.195108
1861,47636350,1,128,0.0686841,0.0580696
36433,396244,1,128,0.00127217,0.274793
14838,11899750,1,128,0.00539184,0.109733
51883,706275,1,128,0.00143809,0.209697
6853,3642854,32,128,0.00484217,0.0602155
6130,92470,4,128,0.000552338,0.525243
36343,17876499,64,128,0.0195036,0.0266994
13506,29329171,4,128,0.0311895,0.144642
44500,7299950,1,128,0.00382012,0.103758
8624,83726,16,128,0.000473413,0.180971
7835,37991388,1,128,0.0137725,0.0566678
61094,83866,1,128,0.000418113,0.186753
9998,71318,8,128,0.000450147,0.208556
5745,13760869,64,128,0.015216,0.0251694
15224,278781,16,128,0.00104673,0.192342
31888,206602,1,128,0.00105671,0.506788
41542,4272362,1,128,0.00302491,0.111627
40929,1927656,1,128,0.00217041,0.113681
7296,9751671,32,128,0.00922149,0.0617318
273,152868,64,128,0.000683246,0.252644
19802,1995266,64,128,0.00334919,0.0780388
4150,15543209,1,128,0.0138212,0.0900633
21138,1037544,64,128,0.00225411,0.0870778
3699,8355342,32,128,0.00881711,0.059819
23610,525682,1,128,0.00123524,0.161048
6478,8765334,4,128,0.0107415,0.188019
13630,16275586,2,128,0.0235962,0.0722898
3028,5696819,4,128,0.0201707,0.0768217
8006,21449086,64,128,0.0234907,0.0328836
14198,2469229,16,128,0.00337849,0.109856
24295,3383327,1,128,0.00266638,0.107945
44531,55712579,1,128,0.0433255,0.0745556
9200,104770,16,128,0.000526671,0.173152
1724,66754,16,128,0.000470955,0.202248
53601,10440238,1,128,0.00532789,0.238789
6915,334688,2,128,0.0013011,0.518312
9322,18506255,4,128,0.0535796,0.0624814
14024,244094,4,128,0.00123299,0.335996
6571,43918350,8,128,0.0367652,0.0420846
15627,193154,1,128,0.000805537,0.187913
31080,567795,1,128,0.00124844,0.222699
34342,7943485,1,128,0.0187173,0.104652
5874,18898314,8,128,0.0161719,0.0432453
7851,221544,4,128,0.00124393,0.403341
6663,58667571,2,128,0.0424806,0.102575
19972,29727309,4,128,0.0311305,0.136367
6220,1131090,16,128,0.0021199,0.111641
5731,500801,4,128,0.00150167,0.355162
20126,4569611,1,128,0.00319236,0.10715
7289,20355670,2,128,0.0287032,0.07538
2320,28197880,4,128,0.0282597,0.122081
3954,21659473,64,128,0.0236047,0.0330802
14034,423714,1,128,0.00110297,0.214256
6096,890282,8,128,0.00176857,0.10336
14347,243200,4,128,0.00114695,0.37121
17741,1209725,64,128,0.0024963,0.0947325
13862,188471,2,128,0.000857329,0.348539
54319,697026,1,128,0.00143946,0.213302
20401,50332884,64,128,0.0551803,0.071114
15199,58225059,4,128,0.091264,0.11989
3753,93551,4,128,0.000590172,0.573411
4064,428317,64,128,0.00138026,0.12019
61828,1476536,1,128,0.0019604,0.164653
5623,17812648,8,128,0.0276983,0.0647669
36340,323892,1,128,0.00105763,0.252195
2984,771370,2,128,0.00160429,0.248576
18493,85365,8,128,0.000461569,0.283856
24249,38335588,64,128,0.0413106,0.0267368
36686,26761299,1,128,0.00975863,0.110774
4368,1000663,64,128,0.00217711,0.0977701
1490,29563049,8,128,0.0266545,0.171446
4263,80654,16,128,0.000532588,0.225827
5735,22937675,8,128,0.0193297,0.0338626
46473,4159608,1,128,0.00481108,0.035238
9630,8025378,4,128,0.0406908,0.0542011
596,4364015,32,128,0.00485074,0.0639961
12969,9577785,4,128,0.0192703,0.118991
11794,72845,32,128,0.0006205,0.582537
12908,1197799,8,128,0.00217655,0.115034
35280,42383763,64,128,0.0453895,0.0206025
40328,2541838,64,128,0.00401986,0.0820852
17243,3794814,8,128,0.00426861,0.0717781
43600,923575,1,128,0.00147196,0.16327
8051,1072649,16,128,0.0021024,0.104842
39529,78392,1,128,0.000526222,0.572089
7973,72303,2,128,0.000483675,0.40275
18526,8569739,2,128,0.00665867,0.192789
13492,1626592,64,128,0.00288194,0.0958184
4944,815595,8,128,0.00170302,0.108624
2158,6396176,32,128,0.0065373,0.0703658
4314,127669,64,128,0.000620711,0.609771
44361,694598,1,128,0.00141281,0.186163
13165,3266913,2,128,0.00326836,0.189802
16715,818748,1,128,0.00141495,0.112801
8910,2815392,32,128,0.00368105,0.0733699
13527,573925,16,128,0.00156331,0.19652
29631,479116,1,128,0.00113636,0.237804
23021,576741,1,128,0.00130369,0.16507
18604,46707594,2,128,0.0334652,0.0732501
9625,26517805,16,128,0.023622,0.0490594
54243,1666803,1,128,0.00192886,0.116397
505,16346090,1,128,0.00659127,0.0880988
3816,3588274,4,128,0.0114683,0.105761
17855,19760230,64,128,0.021581,0.0434136
4387,569189,8,128,0.00143832,0.153213
4936,415649,64,128,0.00136764,0.18422
36967,1175374,64,128,0.0024441,0.103822
38819,442391,1,128,0.00116314,0.198624
43295,50043551,64,128,0.0538611,0.0253776
38145,26934367,64,128,0.0289248,0.0355279
5508,6227372,4,128,0.00841963,0.248492
25994,998762,64,128,0.00219547,0.0992881
3467,11444936,4,128,0.0135762,0.158462
16435,3601158,2,128,0.0143313,0.106327
43385,41495362,1,128,0.0293737,0.0849038
40108,1673834,64,128,0.0029339,0.0856594
16929,1348161,2,128,0.00191646,0.164728
14560,59308225,2,128,0.0418771,0.10345
11192,33828074,16,128,0.0299796,0.118744
61636,23762408,1,128,0.00906269,0.070626
31283,1592165,1,128,0.00193956,0.181131
62992,347658,1,128,0.00110151,0.298253
17865,183867,64,128,0.000793283,0.209287
8529,724176,16,128,0.00185365,0.17828
11809,53614847,32,128,0.0440721,0.133206
44245,44168001,1,128,0.0157946,0.071932
11659,10151030,64,128,0.0117904,0.0384072
30532,122697,64,128,0.000574176,0.217887
18190,89039,2,128,0.000475174,0.366269
49271,1313490,1,128,0.00174728,0.187282
7106,289894,1,128,0.00105629,0.279867
39256,93626,1,128,0.000421741,0.24839
45073,164821,1,128,0.000945515,0.315974
31429,2022375,64,128,0.00340968,0.0935336
18326,24398515,2,128,0.0272687,0.0621248
17993,110250,1,128,0.000456737,0.239795
20144,238589,8,128,0.000904653,0.247629
46170,595421,1,128,0.00128967,0.199009
17533,1027343,8,128,0.00196034,0.104347
21776,56945441,1,128,0.0267751,0.0804099
21581,51704903,64,128,0.0556793,0.0313602
13620,43217439,4,128,0.0602459,0.0950876
11191,1252011,16,128,0.00225473,0.116267
12255,784272,8,128,0.00181442,0.178907
5442,18129330,64,128,0.0199066,0.0345019
13765,12521867,1,128,0.00546981,0.0999761
26635,130058,1,128,0.000508227,0.264256
6394,34249011,32,128,0.0279468,0.0450634
5309,88275,1,128,0.000418358,0.247576
32939,1141917,64,128,0.00238527,0.10208
1525,183816,64,128,0.000965918,0.187452
3270,5810818,1,128,0.00354408,0.121777
5883,591265,64,128,0.00210695,0.232832
12036,319741,64,128,0.00118447,0.196222
21080,1420145,1,128,0.00179473,0.173613
8061,73461,2,128,0.00048785,0.39227
19685,135286,64,128,0.000637304,0.223822
18797,69471,64,128,0.000431032,0.341229
8246,9151337,16,128,0.00868246,0.0584931
2559,342254,64,128,0.00120115,0.178302
13774,690326,8,128,0.00199049,0.517819
15534,108662,1,128,0.000442022,0.253047
12174,1347340,32,128,0.00236278,0.109654
21922,41689089,1,128,0.0189616,0.0718737
722,1028457,4,128,0.00228935,0.404494
804,16494398,4,128,0.0522736,0.0583722
7032,779902,8,128,0.00180414,0.163671
2144,32270856,2,128,0.0220807,0.0931066
24236,3070228,64,128,0.00460388,0.071308
35507,2767188,1,128,0.00242149,0.159617
9011,1379058,4,128,0.00269565,0.39278
3692,52143129,4,128,0.0941963,0.0813338
9368,32957985,1,128,0.0122712,0.077344
29812,12428032,1,128,0.00537159,0.125002
41728,57508943,1,128,0.0512612,0.0657843
12044,6288241,2,128,0.00522523,0.186561
17769,1623016,8,128,0.00249603,0.0699902
20496,23798145,64,128,0.0257881,0.0385702
19450,1315821,4,128,0.00279431,0.365929
8159,264892,4,128,0.00113749,0.357883
15068,10514127,16,128,0.00998851,0.0822453
13469,295501,1,128,0.00102189,0.269029
9431,300449,2,128,0.00112807,0.326809
12200,137808,4,128,0.000841609,0.372863
44672,28351986,1,128,0.00985319,0.0539375
31185,105078,64,128,0.000533568,0.283956
3558,38644358,16,128,0.0322183,0.0348964
21514,449258,64,128,0.00178497,0.197366
13930,131924,4,128,0.000888451,0.364006
22069,145534,1,128,0.000676935,0.200624
2495,205655,16,128,0.000909696,0.204098
14205,5717206,64,128,0.00725193,0.0452494
7272,9803818,16,128,0.00928426,0.0620614
40440,83755,64,128,0.000444123,0.234165
40161,272990,1,128,0.000936175,0.234124
9215,110279,64,128,0.00054594,0.301462
12060,18591837,8,128,0.0158609,0.0621628
13900,327469,4,128,0.00138001,0.362659
33252,462962,1,128,0.00117971,0.192422
25312,3195778,64,128,0.00472841,0.0808001
16808,87936,2,128,0.000541381,0.351039
12195,1964896,16,128,0.00325916,0.209871
15684,67692,8,128,0.000409366,0.249065
4343,37205091,64,128,0.039892,0.0298562
15466,33463212,2,128,0.0229382,0.0869765
2461,1991985,32,128,0.00288964,0.0977414
10751,3026037,8,128,0.00381044,0.0946454
7450,251029,1,128,0.000906232,0.225102
3133,2095814,8,128,0.00300737,0.0969256
14616,23055914,1,128,0.0090701,0.0656554
18435,2088475,1,128,0.00218048,0.124052
5465,435695,4,128,0.00144249,0.346233
5991,44575593,32,128,0.0357935,0.0413379
4894,4723006,1,128,0.00311762,0.110789
17011,89528,1,128,0.000403846,0.264698
568,36569212,4,128,0.0404703,0.0784682
22109,56161207,1,128,0.0877685,0.0562965
64854,35087656,1,128,0.0128668,0.077392
10163,51594425,2,128,0.0532713,0.0559708
33340,1334128,64,128,0.00266539,0.102031
15007,10368061,4,128,0.01294,0.167068
15039,24481068,8,128,0.0209854,0.0479368
9895,33653547,4,128,0.0355874,0.117948
28852,80164,1,128,0.000386037,0.267348
65103,4685082,1,128,0.00324111,0.113727
13202,35579494,8,128,0.0295982,0.0383075
1382,307669,2,128,0.00109642,0.291882
16025,1287998,8,128,0.00223977,0.119283
2099,418629,64,128,0.00138022,0.153786
37379,2577743,1,128,0.00243548,0.148956
26467,166513,1,128,0.000710408,0.204191
13923,1679718,2,128,0.00202878,0.131866
7687,15413983,2,128,0.0106262,0.11754
15095,3034455,64,128,0.00447384,0.0834454
1903,708893,32,128,0.001677,0.170728
21817,5273809,64,128,0.00680073,0.0493415
2044,3622635,64,128,0.00499776,0.0475816
15861,248288,8,128,0.000943007,0.236744
20664,1847853,64,128,0.00314543,0.0736953
17452,7745804,64,128,0.00906187,0.0402259
28040,8282907,64,128,0.0104716,0.0417807
2443,93864,32,128,0.000444394,0.273489
20067,346745,64,128,0.0012524,0.205781
28750,2764571,1,128,0.00236303,0.146666
19628,271115,4,128,0.00117511,0.372197
64568,29525815,1,128,0.0106178,0.0764866
19507,9353023,8,128,0.00878008,0.0619496
12354,3557816,8,128,0.0041046,0.081623
9891,862355,1,128,0.00138039,0.138447
43570,32683575,1,128,0.0425146,0.0663202
24751,1144498,64,128,0.00239023,0.114679
63635,2865137,1,128,0.00248763,0.148218
16121,406384,2,128,0.00117279,0.247922
7606,158201,2,128,0.000801593,0.327663
30827,42715456,1,128,0.0308031,0.0847104
6496,5083801,8,128,0.00539171,0.0683888
9965,1501508,32,128,0.00257667,0.106215
46348,16597973,1,128,0.0550534,0.0534035
7746,4437840,32,128,0.00500279,0.0752436
15238,738959,2,128,0.00161782,0.238116
31118,593977,1,128,0.00128988,0.146722
5879,313367,64,128,0.00113291,0.199343
5821,1484506,2,128,0.00205133,0.193768
41240,197682,1,128,0.000967228,0.419155
65316,161730,1,128,0.000696991,0.22347
55861,109748,1,128,0.00046005,0.216157
1321,184337,2,128,0.000938856,0.307732
17577,3854561,4,128,0.0147934,0.0776302
13447,3032726,8,128,0.00386299,0.107741
4669,56581070,2,128,0.0403403,0.0672765
10744,1648333,16,128,0.00323162,0.332472
23739,33568990,64,128,0.0360915,0.0305206
9770,5901882,4,128,0.027746,0.074477
16888,706042,64,128,0.00230662,0.217896
11817,1995101,16,128,0.00391403,0.312469
6656,320389,16,128,0.00127158,0.239781
9734,13082307,64,128,0.0146411,0.0195304
29858,5232487,1,128,0.00340224,0.124735
2499,1168858,16,128,0.00220634,0.15085
36326,997100,1,128,0.00152466,0.15812
13171,89218,64,128,0.000482199,0.198807
19884,32436510,8,128,0.0275689,0.0517451
5089,4918439,2,128,0.00434464,0.181658
5757,6194375,8,128,0.00633958,0.078515
5154,18390409,16,128,0.0165561,0.0490699
28995,18249545,64,128,0.0198932,0.0336946
7890,4576697,8,128,0.00504264,0.0809513
58160,39423518,1,128,0.0219262,0.0388661
23435,742851,64,128,0.00251051,0.231101
23228,746883,1,128,0.0015468,0.192692
53829,438213,1,128,0.00110875,0.186818
35413,18702175,64,128,0.020519,0.0350219
5310,1405120,2,128,0.00200317,0.170066
10248,644602,32,128,0.00153719,0.141025
2414,6385963,8,128,0.00651979,0.0557156
41087,54359798,64,128,0.0605632,0.0860883
18594,351835,2,128,0.00135935,0.325992
17049,10331838,64,128,0.0119201,0.0350158
59720,77829,1,128,0.000386662,0.254317
3554,1060642,16,128,0.00207373,0.116771
55893,1698138,1,128,0.00191375,0.108119
41890,10715063,1,128,0.00485902,0.11282
48089,1472878,1,128,0.001817,0.190514
11031,733444,8,128,0.00165904,0.16043
12165,4307130,64,128,0.00581618,0.0399779
62591,43368716,1,128,0.0218765,0.0590008
1812,315217,32,128,0.0010261,0.228985
21931,10421855,1,128,0.00478977,0.13352
1033,42102794,1,128,0.0150606,0.061528
1662,10910058,8,128,0.011016,0.0425155
13876,13458189,16,128,0.0118677,0.0470471
14192,1376528,16,128,0.00237524,0.115034
55401,1052789,1,128,0.00152136,0.182193
24480,26583167,1,128,0.0321073,0.0988298
1558,2927344,2,128,0.00294312,0.133841
18815,447299,4,128,0.0013649,0.337549
8885,2166719,4,128,0.00460345,0.643051
8617,168165,4,128,0.00103372,0.499077
2326,290479,16,128,0.00118829,0.22833
12427,4752083,4,128,0.00671889,0.270895
348,10803825,1,128,0.00496268,0.101287
14015,11939769,2,128,0.00851926,0.181219
10622,23981993,64,128,0.0260107,0.0351608
38357,24759333,64,128,0.0264406,0.0268776
24354,4100908,64,128,0.00562031,0.0569538
1273,4089926,2,128,0.00383489,0.156624
6809,769063,4,128,0.00202759,0.381831
12597,977825,64,128,0.00216493,0.0997266
8752,3767965,16,128,0.00432424,0.0832072
26478,4410087,64,128,0.00584107,0.0732322
8219,867946,1,128,0.00136018,0.154768
14979,874602,8,128,0.00198482,0.215001
26201,213244,1,128,0.000847992,0.233521
20032,9147979,2,128,0.0067744,0.146372
6392,2439683,8,128,0.00332739,0.100303
32958,14445508,64,128,0.0159109,0.0347963
52455,2811732,1,128,0.00248226,0.144395
6648,27836015,1,128,0.0101778,0.0772895
36870,1181157,64,128,0.00247702,0.0796584
51802,1896505,1,128,0.00209515,0.123282
42587,4308398,1,128,0.00299092,0.111381
29775,165051,1,128,0.000729149,0.249066
9366,440871,64,128,0.00180592,0.210597
14791,87594,16,128,0.00048039,0.187737
57446,5466549,1,128,0.0034597,0.111642
26461,994930,1,128,0.00151475,0.135555
10482,15638303,32,128,0.0136252,0.0554774
64084,904056,1,128,0.00149478,0.115538
22557,2686603,1,128,0.00244335,0.15123
37870,2669129,64,128,0.00586462,0.312588
34727,7186723,64,128,0.00858754,0.0405241
2081,12140953,32,128,0.0110787,0.0597202
34123,39619970,1,128,0.0142274,0.0555748
10311,11518647,64,128,0.0132227,0.0389798
36582,3862348,1,128,0.0194484,0.110761
19677,35737266,64,128,0.0383084,0.0318531
2841,9829793,4,128,0.0250291,0.0932538
5860,1168701,1,128,0.00165776,0.160317
19697,742042,4,128,0.00199614,0.349592
5853,84630,4,128,0.000618078,0.54701
4581,65927,64,128,0.00042536,0.253542
22576,708496,64,128,0.00236924,0.231792
22500,2972612,1,128,0.00271313,0.150038
61600,2649671,1,128,0.0023718,0.154837
15984,50568687,4,128,0.0538758,0.119767
18654,2739665,2,128,0.00276115,0.115212
15817,3076606,16,128,0.00406104,0.0994018
42452,541851,64,128,0.00202843,0.202819
10336,5723852,64,128,0.00721464,0.0444839
15901,411313,16,128,0.00125723,0.185562
15974,88152,4,128,0.000528213,0.553114
5217,5302654,4,128,0.00739483,0.281344
13618,1952360,2,128,0.00225439,0.136452
24245,84681,64,128,0.000470438,0.324936
11790,103890,4,128,0.000541667,0.535977
41816,146394,1,128,0.000691365,0.220183
16742,356947,8,128,0.001161,0.25451
1821,93619,1,128,0.00042326,0.251379
9554,237311,1,128,0.000879237,0.272553
5815,3456560,1,128,0.00257852,0.114623
33634,58336928,64,128,0.063036,0.0230181
35084,27700490,1,128,0.0100074,0.0758437
59514,12879232,1,128,0.00527654,0.0957138
5548,2541567,16,128,0.00341799,0.0983458
38084,3849179,64,128,0.00523909,0.0616902
10271,135897,2,128,0.000671198,0.351534
35543,123536,1,128,0.000912622,0.444705
9093,20953942,2,128,0.0145292,0.107116
16,35386006,2,128,0.0442453,0.0684225
8937,71589,4,128,0.000530648,0.560498
22145,1222191,1,128,0.0020895,0.336979
29691,1417354,64,128,0.00274554,0.112806
39829,44735736,1,128,0.0301938,0.0846625
5459,3811784,2,128,0.0035481,0.188775
19078,197774,64,128,0.000848907,0.266826
34835,18045495,1,128,0.0290204,0.0725539
60236,91076,1,128,0.000406837,0.228531
22211,4077801,1,128,0.00291199,0.110876
11328,35652305,16,128,0.0310629,0.152397
16100,5883382,16,128,0.00632488,0.090784
5358,3015217,1,128,0.00246644,0.164773
3695,187567,16,128,0.000850028,0.248155
56746,2081068,1,128,0.00213586,0.136106
22018,113065,64,128,0.000539061,0.335954
964,2317362,4,128,0.00378901,0.425483
9850,39614343,16,128,0.0367633,0.0389361
4519,7964108,32,128,0.00759893,0.0558294
63716,4435625,1,128,0.003056,0.119959
12801,108206,4,128,0.000601187,0.448275
13689,1797593,4,128,0.00317709,0.413544
16766,895035,8,128,0.0018166,0.101588
7243,28846586,8,128,0.0237572,0.0415095
16384,2021593,16,128,0.00298715,0.105655
7327,447819,64,128,0.00184601,0.227132
12123,4004656,32,128,0.00449392,0.0879424
6711,44417310,64,128,0.0475035,0.0279067
13627,44305436,64,128,0.0473055,0.0270401
7273,17280100,32,128,0.0149292,0.0618637
32534,29860357,1,128,0.0108098,0.0704361
18410,5423351,2,128,0.00467513,0.156254
28826,3044789,1,128,0.0025607,0.139436
25551,13641878,1,128,0.00557004,0.100515
50314,211991,1,128,0.000819579,0.189765
7695,3351876,8,128,0.00397373,0.0642889
10190,426163,64,128,0.00137599,0.320365
4044,540606,32,128,0.00140553,0.136082
6543,724196,16,128,0.00177999,0.153892
24807,460984,64,128,0.00184635,0.224561
6091,2006582,8,128,0.00290272,0.10245
43961,317366,1,128,0.0010544,0.240765
4106,26188383,1,128,0.0280837,0.0921519
6820,1074936,1,128,0.00158557,0.163922
7966,6422702,2,128,0.00516414,0.144437
25801,4841288,64,128,0.00642061,0.0467402
38344,19648977,64,128,0.0211566,0.0275055
25623,15431683,1,128,0.00605961,0.134688
25389,4752037,1,128,0.0031664,0.143533
58533,663410,1,128,0.00139938,0.191706
11881,28304895,8,128,0.0413681,0.0590581
52044,31900099,1,128,0.0117252,0.0695498
22297,16009572,64,128,0.0175021,0.0425481
15365,46650001,64,128,0.0497973,0.0144526
15983,35331673,1,128,0.0172809,0.0617718
5542,1316595,32,128,0.00231526,0.121067
17010,10877014,2,128,0.00789287,0.177148
2630,4279736,4,128,0.00590409,0.322215
38772,1664291,1,128,0.00186719,0.110971
18708,297934,8,128,0.00107643,0.263973
21150,101698,64,128,0.000494384,0.32153
3592,32220994,64,128,0.0343626,0.0278755
8034,1663611,1,128,0.00184408,0.147297
2145,125317,4,128,0.000577732,0.414422
5609,87893,8,128,0.000449238,0.247362
49150,283394,1,128,0.000988503,0.227005
2923,186110,4,128,0.00106633,0.364444
8287,168531,16,128,0.000805265,0.182684
16953,597668,8,128,0.00150078,0.170409
9932,105128,4,128,0.00057139,0.511584
18226,310964,64,128,0.00115123,0.203392
43043,4789423,64,128,0.00629863,0.0543326
11945,2888338,1,128,0.00239578,0.157451
8759,15585181,4,128,0.0223058,0.540021
53494,41332593,1,128,0.01461,0.0506616
4681,128516,1,128,0.000479433,0.270878
34014,1540985,64,128,0.00298219,0.12805
1401,1870335,4,128,0.00333846,0.417485
38805,809625,64,128,0.00244974,0.183055
10475,41454800,4,128,0.0793859,0.0738728
65021,90899,1,128,0.000741935,0.459377
48738,255734,1,128,0.000992345,0.210127
37988,900502,64,128,0.00203697,0.091316
19241,28363696,64,128,0.0302487,0.0308652
5875,1721684,1,128,0.00199938,0.0954836
250,24855697,4,128,0.0579041,0.0528784
38716,173658,64,128,0.000730462,0.207203
945,2275778,32,128,0.00315473,0.0859522
13512,84758,4,128,0.000518163,0.480585
35068,1454298,64,128,0.00283083,0.110204
12030,173701,2,128,0.000846946,0.328202
29285,2121814,1,128,0.00214613,0.152323
11396,106340,2,128,0.000491429,0.355315
3197,86098,64,128,0.000463754,0.294727
1448,43004594,8,128,0.0531829,0.0906509
13023,958432,8,128,0.00183291,0.12882
13484,3529282,1,128,0.00888533,0.0831526
48285,951454,1,128,0.00152063,0.1553
17520,35343028,4,128,0.072844,0.0798296
3567,287012,8,128,0.00103055,0.230702
48155,3714602,1,128,0.00279247,0.0949501
5884,5393759,32,128,0.0058021,0.0597818
4527,1514252,2,128,0.00216559,0.165772
8932,31797289,4,128,0.0330956,0.136966
2164,1718073,8,128,0.00261205,0.0772263
2511,907448,2,128,0.00153425,0.210923
20363,88027,1,128,0.000436352,0.253316
64176,4136078,1,128,0.00322113,0.0936164
20800,149864,64,128,0.000648555,0.249084
12435,2164548,32,128,0.00313556,0.0946041
10507,176505,32,128,0.000779384,0.203092
23471,97224,1,128,0.0004233,0.234725
42537,706617,1,128,0.00198534,0.384349
2030,974054,32,128,0.00189058,0.0953277
28167,9562299,64,128,0.0111306,0.0440232
51021,286461,1,128,0.000983032,0.221646
11227,982507,32,128,0.00212855,0.155135
2393,2396878,32,128,0.00326242,0.0885593
11747,179143,1,128,0.000788557,0.212169
21760,53901402,64,128,0.0574703,0.0257755
41205,119083,1,128,0.000491284,0.280933
19122,27630626,8,128,0.0231884,0.0477645
30265,925102,1,128,0.00144559,0.140037
9920,12540415,1,128,0.00533539,0.10954
54006,40110923,1,128,0.014444,0.0520206
1441,303938,4,128,0.00130041,0.378074
10973,73338,4,128,0.000543057,0.580665
1336,6561946,32,128,0.00641907,0.0519953
13438,42976201,64,128,0.0461104,0.0342304
22436,11333447,64,128,0.012922,0.0329861
9997,63268650,16,128,0.0588253,0.0344416
41918,17562605,1,128,0.00677227,0.100369
10754,33308515,32,128,0.0281262,0.0518291
15168,869742,4,128,0.00210541,0.369793
11021,681441,32,128,0.00167984,0.14844
694,13208559,1,128,0.00527441,0.0969479
51081,62520642,1,128,0.0219165,0.0375977
23347,70362,1,128,0.000408881,0.241814
6437,37236528,16,128,0.0334078,0.0457278
35593,8753453,64,128,0.0103658,0.0486934
4128,927768,1,128,0.00141223,0.155508
24840,48526269,64,128,0.0521665,0.0250817
5479,90686,64,128,0.000463393,0.284853
7659,10217535,4,128,0.0326896,0.0898331
7919,11772997,1,128,0.0161641,0.0705264
51287,57511128,1,128,0.0482719,0.0704548
14032,20672441,16,128,0.0176635,0.0514699
31875,566479,64,128,0.00210646,0.183686
380,116531,8,128,0.000926918,0.381221
13537,25190043,16,128,0.0220424,0.0418361
9156,4651448,1,128,0.00306639,0.134032
6049,863753,1,128,0.00137496,0.160004
44818,739176,1,128,0.00150136,0.216072
39862,1371157,64,128,0.00272711,0.123313
20741,1478523,64,128,0.00289518,0.116603
14481,113323,2,128,0.00052909,0.375526
15629,452218,1,128,0.00115201,0.202106
13515,6475947,16,128,0.0065401,0.0728986
16463,9984133,4,128,0.0262869,0.0797345
18489,1649886,2,128,0.00200928,0.142709
45661,1133657,1,128,0.00159702,0.136349
18694,849226,1,128,0.00139788,0.132051
28999,15121092,64,128,0.0172169,0.121965
82,474206,16,128,0.00188836,0.511263
59767,12547715,1,128,0.00543219,0.0973359
62966,5240116,1,128,0.00332838,0.11139
6229,1203238,2,128,0.00178224,0.185157
23488,1384677,64,128,0.00272158,0.122319
35388,152447,1,128,0.000653441,0.21578
1887,70014,8,128,0.000372216,0.224431
6324,1694623,64,128,0.00298817,0.0945964
27927,38100657,64,128,0.0404271,0.0253544
630,588717,4,128,0.00162699,0.364228
4361,69943,2,128,0.000482019,0.373781
30901,12349414,1,128,0.00568386,0.0937697
41342,58139998,64,128,0.0627195,0.0209914
40235,6611935,1,128,0.00352298,0.120972
9363,143759,2,128,0.000686475,0.342583
3490,9871584,16,128,0.0093257,0.0680548
33613,21014621,64,128,0.0228905,0.0322963
34425,529488,64,128,0.00214706,0.191166
1576,540501,2,128,0.00125658,0.258717
5851,1127963,4,128,0.0022786,0.398765
6894,27318358,2,128,0.0189225,0.0831137
1546,4430502,1,128,0.00293463,0.124893
6386,137603,8,128,0.000658203,0.24588
4070,57595984,16,128,0.0511018,0.0376233
34305,986432,1,128,0.00167923,0.118063
14701,35405411,8,128,0.0303701,0.151782
12335,976336,32,128,0.00193177,0.100213
13325,83552,16,128,0.000506197,0.17613
1119,118968,16,128,0.00058204,0.362116
2161,1663560,16,128,0.00259737,0.0850231
17195,30315989,64,128,0.032337,0.0180586
2228,65234890,16,128,0.0557664,0.0310938
38953,5849019,64,128,0.00744559,0.0583058
41929,382247,64,128,0.00147965,0.221612
11302,2046070,16,128,0.00404639,0.438602
7365,3086851,32,128,0.003974,0.108391
8801,2597078,32,128,0.00342404,0.088968
40281,352707,1,128,0.00108586,0.264877
6463,1035782,1,128,0.0015156,0.127759
6523,10226440,64,128,0.011871,0.04778
59098,16145168,1,128,0.00640393,0.150099
40077,2005524,64,128,0.00336144,0.0825264
20003,91893,64,128,0.000478174,0.297941
4418,139608,4,128,0.000851714,0.386581
3512,7796856,64,128,0.00931062,0.077814
21210,1231037,64,128,0.00253104,0.081913
27880,4790184,64,128,0.00625024,0.0480463
6687,851933,64,128,0.00251583,0.215617
10545,13100984,4,128,0.0140888,0.135334
7336,2117940,4,128,0.00364865,0.41324
19859,176088,1,128,0.000733187,0.232688
18301,945815,8,128,0.00193174,0.120783
35143,1074593,64,128,0.00238979,0.0805659
4393,7496412,64,128,0.00895453,0.0437747
6878,4055445,8,128,0.00448943,0.0858138
818,14549905,32,128,0.0125998,0.0633638
34860,31945593,64,128,0.0346616,0.116971
18064,14016829,8,128,0.036399,0.0488433
784,77939,32,128,0.000426333,0.243415
10379,35293434,1,128,0.0681866,0.0557996
16989,506476,1,128,0.00122481,0.188972
40449,27057915,64,128,0.0290488,0.030259
10193,1509206,2,128,0.00205352,0.16275
60357,29273339,1,128,0.0105378,0.0785283
21147,62823788,1,128,0.0992857,0.0494651
14504,869026,1,128,0.00149919,0.125556
54348,204494,1,128,0.000804288,0.247812
2921,365912,4,128,0.00160142,0.36975
12953,571925,2,128,0.00143189,0.23596
18512,1413133,64,128,0.00273948,0.098645
4748,62546808,4,128,0.0997697,0.0779321
62271,67839,1,128,0.000376797,0.248742
49339,786225,1,128,0.00143026,0.266313
13695,12335677,1,128,0.00544425,0.120815
10742,650526,8,128,0.00159311,0.198883
7474,4554282,16,128,0.00504873,0.0787291
16350,21720243,16,128,0.0193634,0.0408229
2891,94992,16,128,0.000504333,0.210035
6530,3127089,1,128,0.00268596,0.138533
3175,360103,4,128,0.00156479,0.337548
41191,288873,64,128,0.00111201,0.226641
12469,5465858,32,128,0.00588907,0.0925245
35501,852738,1,128,0.00145839,0.125728
3668,20689290,1,128,0.00790696,0.113517
11869,8565645,64,128,0.0100723,0.0304481
8570,11783222,16,128,0.0110804,0.101405
18520,460377,4,128,0.00140423,0.381773
4075,2537845,2,128,0.00281317,0.125154
9255,98124,4,128,0.000601602,0.549343
7868,13554481,2,128,0.00945662,0.145085
6391,3317445,4,128,0.004959,0.37271
11060,1989033,64,128,0.00327989,0.0788497
26590,21509677,1,128,0.00836857,0.101537
50306,100518,1,128,0.000425654,0.217095
491,2217440,32,128,0.00310065,0.0889076
4001,7869192,16,128,0.00753974,0.0575892
35675,629796,64,128,0.00222295,0.187904
6453,126087,64,128,0.000567145,0.203225
3802,13335275,32,128,0.0118714,0.0818127
33396,616019,1,128,0.00133491,0.259271
20619,17928985,1,128,0.0253533,0.084659
2620,1667830,4,128,0.00297328,0.455857
16215,141320,1,128,0.000617173,0.270742
7062,135466,32,128,0.000598359,0.238081
16408,9723152,1,128,0.0141472,0.0595407
37437,43842916,64,128,0.0471339,0.0317931
5743,102101,2,128,0.000552878,0.390738
6369,42675157,1,128,0.0316397,0.0807605
7939,334380,1,128,0.00118106,0.251116
19672,992088,8,128,0.00190911,0.126745
5782,93987,16,128,0.000497497,0.217441
16166,93240,16,128,0.00050618,0.250778
5899,7005006,16,128,0.00687106,0.0604504
798,231090,8,128,0.00243323,0.687468
5064,1916445,4,128,0.00332505,0.435635
19869,120911,1,128,0.000494814,0.260652
10566,218718,64,128,0.000925728,0.262657
37371,1272385,1,128,0.0017374,0.166093
5211,4198959,8,128,0.00475114,0.0822667
4348,86859,8,128,0.000431785,0.295299
9236,16957400,4,128,0.0184096,0.10648
1361,28299449,64,128,0.0309057,0.0244042
19827,22113958,2,128,0.02384,0.0528997
7208,254156,8,128,0.000994221,0.228867
1394,236441,1,128,0.000899885,0.198393
43038,4634919,64,128,0.00611581,0.0497963
960,5950206,32,128,0.0062148,0.0662956
26673,78064,1,128,0.000393461,0.272309
48900,289006,1,128,0.00104057,0.228254
8523,5893754,32,128,0.00611953,0.0759486
16114,19860306,16,128,0.0171908,0.0657538
3861,39748765,32,128,0.0321131,0.0445229
37901,109673,1,128,0.00046424,0.275714
8109,8767119,64,128,0.0105271,0.0773451
8334,17589497,16,128,0.0154814,0.0590843
10209,51685137,8,128,0.0428553,0.0522622
10468,148639,16,128,0.000763203,0.158877
43381,426753,64,128,0.00136995,0.109526
11294,24151287,8,128,0.020334,0.0402813
32459,1934961,1,128,0.00217878,0.103855
4389,87275,4,128,0.000646944,0.498032
15542,90665,8,128,0.000449839,0.210647
38854,441693,64,128,0.00185369,0.213009
11,94911,32,128,0.000405394,0.217061
8258,14266000,16,128,0.0134843,0.0833632
4932,35096702,4,128,0.0584275,0.0836521
28787,12647305,1,128,0.00544009,0.0878204
16382,709704,1,128,0.00143415,0.1971
50371,6953954,1,128,0.00382276,0.104456
16798,82008,2,128,0.000490221,0.376338
30993,32825733,1,128,0.0204032,0.0705744
4990,3464945,2,128,0.00337952,0.159113
60260,394485,1,128,0.00162327,0.272222
13593,99290,4,128,0.000627499,0.546629
58061,17465894,1,128,0.00675486,0.104474
8040,1246552,8,128,0.00235509,0.203205
45458,7734808,1,128,0.0040001,0.134031
13668,67601,8,128,0.000390138,0.247095
55027,120703,1,128,0.000708172,0.432279
62604,3303190,1,128,0.00252416,0.10895
14152,308682,64,128,0.00113135,0.228296
6025,57482500,2,128,0.048779,0.0351319
3810,72789,1,128,0.000396173,0.219289
11188,15677102,8,128,0.0227833,0.0577015
13360,21264363,4,128,0.0232664,0.129154
298,1228428,4,128,0.00249827,0.413333
59057,1586766,1,128,0.00197999,0.215858
6028,8426241,64,128,0.0100114,0.085271
32769,122928,64,128,0.000556215,0.300975
40705,886295,1,128,0.00148795,0.109658
9077,194164,1,128,0.000778115,0.284571
56975,24069146,1,128,0.00930346,0.135238
13827,122991,64,128,0.000574022,0.278788
6204,11081913,32,128,0.0101952,0.0592268
29527,135210,1,128,0.000584831,0.239193
2773,190940,8,128,0.000760596,0.220143
3336,32654348,4,128,0.046754,0.119858
10866,471846,1,128,0.00114728,0.190079
17309,5434134,1,128,0.00340637,0.113931
16607,18444002,1,128,0.0288957,0.102615
36675,100069,64,128,0.000509386,0.272344
8612,76028,1,128,0.000392754,0.287822
428,18049628,32,128,0.0162339,0.0454526
15197,2422784,2,128,0.00260335,0.1351
9284,2449862,32,128,0.00335868,0.0859872
48946,6540029,1,128,0.00355275,0.107258
40290,9820692,64,128,0.0113335,0.0336966
9283,117768,1,128,0.000444995,0.219679
38885,1313496,64,128,0.00268562,0.12366
20016,1223079,64,128,0.00253506,0.103056
50538,671146,1,128,0.00140413,0.245287
15625,36576211,1,128,0.0132127,0.0730647
18705,762691,4,128,0.00209635,0.338604
5304,50385917,32,128,0.0406202,0.053136
28464,26183212,1,128,0.0242295,0.087878
9037,4310170,16,128,0.0052132,0.05468
4129,4437288,2,128,0.00406182,0.171256
4842,20415744,8,128,0.017402,0.0428016
6701,47581571,16,128,0.0392174,0.0246018
5718,887357,16,128,0.00180185,0.128782
13245,36909639,2,128,0.0422153,0.0498846
7594,137948,64,128,0.000662869,0.473771
32626,10932613,1,128,0.00501833,0.111925
3848,76306,4,128,0.000543054,0.545207
12612,242980,32,128,0.00091202,0.207121
1514,5150909,64,128,0.00669753,0.0911954
35672,285210,1,128,0.000927604,0.181348
4903,58656274,16,128,0.0496979,0.0305035
12444,2903989,4,128,0.00476129,0.413426
25041,557572,64,128,0.00207407,0.234362
8154,57602681,16,128,0.0494015,0.0330688
10780,421815,32,128,0.00114616,0.170945
16504,7607347,8,128,0.0220718,0.0611856
16500,140281,4,128,0.000831825,0.432022
27235,3821114,1,128,0.00278702,0.109596
54568,5141728,1,128,0.00332671,0.123716
12446,559152,1,128,0.00129615,0.17205
51902,177676,1,128,0.000720419,0.233576
191,346864,2,128,0.00130868,0.330271
6167,1359302,32,128,0.00238651,0.0901262
12793,203636,4,128,0.00110032,0.405057
9067,44019215,64,128,0.0465714,0.0290917
26530,154849,64,128,0.000698594,0.184761
37242,199415,64,128,0.000848311,0.245838
32685,11254682,64,128,0.0129182,0.0348682
20352,2312718,1,128,0.00231999,0.138418
10734,52200751,4,128,0.099218,0.0767334
737,15066860,4,128,0.0167033,0.129419
10501,56699052,16,128,0.0487108,0.0810642
35246,317059,64,128,0.00114328,0.167225
11285,5589144,1,128,0.00338697,0.118885
295,11392367,2,128,0.00838679,0.182449
52698,32717813,1,128,0.0120719,0.0747385
9086,37855911,1,128,0.0129588,0.0454284
10126,500263,32,128,0.00131726,0.147918
40633,47597611,1,128,0.0168876,0.0476441
1279,2970918,16,128,0.00413683,0.165966
44888,607196,1,128,0.00128269,0.177775
2093,2201291,2,128,0.00250189,0.140498
18478,2199388,8,128,0.00312318,0.106642
14737,5698907,2,128,0.00548252,0.272727
27005,54889714,1,128,0.0247759,0.0526923
11618,11142186,32,128,0.0102283,0.087447
25770,1059304,64,128,0.00236077,0.106436
29411,22170363,1,128,0.0296829,0.0792321
19217,24378530,4,128,0.0410916,0.0985349
17110,236766,8,128,0.000895382,0.225805
10506,28581073,8,128,0.0246255,0.0609957
14366,1245846,16,128,0.00221788,0.137385
10278,63930917,4,128,0.0718389,0.107786
12179,91910,16,128,0.000505782,0.257066
35901,570476,1,128,0.00123866,0.221509
18217,341449,8,128,0.00112868,0.268576
15810,3616243,8,128,0.00413787,0.0822534
57620,4898007,1,128,0.00316385,0.103691
9778,21438654,32,128,0.0180472,0.0513704
12216,2958823,64,128,0.00446576,0.0893645
18357,4258228,1,128,0.0029895,0.122397
8649,75762,16,128,0.000470103,0.257522
7640,126210,32,128,0.000548356,0.240671
8106,144330,8,128,0.000682579,0.249713
19156,72133,64,128,0.000402785,0.304568
14157,5049862,16,128,0.00551792,0.0864304
44536,240079,1,128,0.000926329,0.299989
64103,831808,1,128,0.00150515,0.125466
40192,205375,64,128,0.000856579,0.217148
25943,2081762,1,128,0.0021426,0.114985
37891,125537,1,128,0.000477366,0.220677
6068,54056246,1,128,0.0189549,0.0533611
20329,2948301,8,128,0.00378428,0.0965757
4192,1734245,4,128,0.00306774,0.467731
38017,299655,1,128,0.000992728,0.27496
30069,4482465,1,128,0.00319997,0.111173
49986,4788507,1,128,0.00319186,0.114887
13318,798265,1,128,0.00155741,0.19243
12322,652818,8,128,0.0015425,0.172405
49538,4392175,1,128,0.00302728,0.125636
7523,87234,1,128,0.000396976,0.258204
11006,462739,1,128,0.00117925,0.232969
20582,65405367,1,128,0.0275056,0.0518639
4104,729355,16,128,0.00184591,0.211941
1766,1171690,16,128,0.0021693,0.136211
18031,564559,64,128,0.00212323,0.199334
846,11524370,2,128,0.00823681,0.165492
5294,2427597,32,128,0.00332476,0.0811024
11941,2536826,32,128,0.00345167,0.108715
3258,2397480,1,128,0.00227268,0.132262
6365,30128856,1,128,0.0105751,0.0895175
33006,311500,64,128,0.00115991,0.21495
41409,79097,64,128,0.000423451,0.258577
2380,37373309,16,128,0.0317864,0.0429712
58672,6202643,1,128,0.00368116,0.118119
51676,1731510,1,128,0.00245029,0.218539
26366,438246,64,128,0.00179937,0.215126
15900,1109629,2,128,0.00170724,0.194137
35967,53683467,1,128,0.0639687,0.0574898
19688,3899002,2,128,0.00358123,0.174042
17453,14739292,1,128,0.005817,0.111978
10137,147378,64,128,0.000654608,0.249531
56161,21945662,1,128,0.0218459,0.0774019
33231,65568094,1,128,0.0380817,0.0689041
6567,233637,16,128,0.00100304,0.224578
4717,625832,64,128,0.00227644,0.235917
63697,843982,1,128,0.00149831,0.117831
9812,4972885,16,128,0.00523738,0.0655531
3026,7151389,8,128,0.00691411,0.0523057
65157,59873994,1,128,0.0211709,0.0314421
8900,217066,2,128,0.000994749,0.283407
24534,4438052,64,128,0.00589125,0.0415302
55254,19138172,1,128,0.00716474,0.0920726
5812,872078,1,128,0.00140107,0.121592
64166,1009013,1,128,0.00153007,0.162217
8826,3290880,4,128,0.00753097,0.670965
48237,34445095,1,128,0.0276276,0.083253
23912,66747230,64,128,0.072763,0.0204525
6736,164525,32,128,0.000676977,0.192499
13569,916012,1,128,0.00142208,0.157252
38981,494775,64,128,0.00193261,0.221922
16585,10509465,2,128,0.00763486,0.165992
224,2687283,2,128,0.00279083,0.138915
375,40532221,64,128,0.0431838,0.031897
6279,61379855,64,128,0.0672076,0.0177678
13714,16037012,64,128,0.01765,0.0254589
36631,106451,1,128,0.000441688,0.261037
2711,12949986,1,128,0.0053887,0.135076
19985,37062408,8,128,0.0303385,0.0360802
6563,1882400,16,128,0.00285768,0.100843
19163,299786,8,128,0.00101847,0.204221
11280,81509,32,128,0.000448136,0.374753
36531,2306921,1,128,0.00217159,0.148922
34064,739882,64,128,0.0024267,0.213959
16520,24855949,1,128,0.0095407,0.127241
1030,1905775,2,128,0.00223747,0.13788
10049,1047974,2,128,0.00169726,0.191708
42535,250293,64,128,0.000994859,0.235892
29965,2496227,1,128,0.00350649,0.409797
7977,550408,2,128,0.00126588,0.213992
6768,44581450,32,128,0.0361572,0.0487615
27028,4102245,64,128,0.00567728,0.0615155
13880,67356,2,128,0.000471147,0.446419
6421,337758,4,128,0.00134269,0.397425
53727,11773706,1,128,0.00702201,0.337483
13230,15625533,1,128,0.0148595,0.0937175
36215,25170276,1,128,0.00978372,0.130361
5042,272861,8,128,0.000900923,0.250665
11398,6948702,8,128,0.00674666,0.0729068
5683,81688,4,128,0.000621169,0.589744
11791,111631,8,128,0.000469601,0.227006
46216,5659423,1,128,0.0105835,0.0805715
4902,49379576,1,128,0.0367298,0.0851991
355,5418200,32,128,0.00613533,0.0489637
7133,8466837,8,128,0.00798167,0.0465922
27577,7202700,1,128,0.0036939,0.120794
34933,19312775,1,128,0.00732681,0.106412
17053,36486208,64,128,0.0388153,0.0278712
27636,15568176,1,128,0.00609215,0.11551
60366,1359688,1,128,0.00175813,0.175588
9732,69458,32,128,0.000425151,0.240453
12150,512704,64,128,0.0019946,0.229632
55307,44067440,1,128,0.0164111,0.160757
14982,66720297,1,128,0.0240219,0.0496565
13797,92548,16,128,0.000527122,0.170682
21053,1153397,1,128,0.00165235,0.16126
19504,25144500,4,128,0.026577,0.139282
40761,67460,64,128,0.00041668,0.295758
9372,82043,4,128,0.000526865,0.487222
19664,24312379,4,128,0.0369896,0.083646
2917,18349812,16,128,0.0159313,0.0416651
7549,480303,2,128,0.00122487,0.256948
40802,8387824,64,128,0.0097016,0.0332813
42073,1228664,1,128,0.00175601,0.165203
7598,14916933,2,128,0.010304,0.110392
4049,6037541,2,128,0.00515749,0.186477
17988,46826813,8,128,0.0476753,0.0321654
16212,7259772,2,128,0.00566925,0.186298
19202,717066,1,128,0.00136415,0.207903
10743,9157897,1,128,0.00441402,0.101611
11042,94378,32,128,0.000448334,0.212939
15072,35736032,1,128,0.012913,0.116838
13877,56960885,4,128,0.0605938,0.0992206
26794,1554966,64,128,0.00296027,0.116353
50690,5919043,1,128,0.00359143,0.140798
11121,166105,4,128,0.00100248,0.37424
57803,991969,1,128,0.00170613,0.171127
26648,259461,64,128,0.00102019,0.270783
41909,256868,64,128,0.00102435,0.25935
61413,832977,1,128,0.00148388,0.130062
43137,35205200,1,128,0.0414308,0.0989783
6859,24629207,1,128,0.0471911,0.0605473
6934,42369462,2,128,0.0292262,0.0744912
37626,58075602,64,128,0.0624495,0.031366
29558,2925369,1,128,0.00262971,0.135608
27584,90183,64,128,0.000515391,0.418761
19943,7772684,1,128,0.0229305,0.0466285
14110,494032,2,128,0.00129391,0.267718
11663,384222,64,128,0.00140432,0.223671
11711,1225910,2,128,0.0017395,0.176077
24322,207190,64,128,0.000845844,0.189862
27052,31632196,1,128,0.012232,0.0594426
1376,16191549,4,128,0.0396512,0.070738
13252,32591803,1,128,0.0119988,0.064773
1838,13906310,16,128,0.012342,0.0497903
12198,561355,8,128,0.0014017,0.167298
7792,216613,32,128,0.000869962,0.23185
21698,35465111,64,128,0.0380337,0.0304691
17128,5021163,1,128,0.00327465,0.108312
51815,510517,1,128,0.00122091,0.195475
3293,515421,4,128,0.00149954,0.343827
642,730717,32,128,0.00178504,0.160539
38990,7210604,64,128,0.00863958,0.0352944
3529,905279,16,128,0.00190777,0.120575
12231,10289775,1,128,0.00470509,0.0958381
58202,2109491,1,128,0.0021582,0.136908
2084,684099,32,128,0.00168388,0.148091
15721,25370825,1,128,0.00977384,0.110824
2800,26224195,2,128,0.0251886,0.054627
16005,734564,1,128,0.00146989,0.209768
19124,92373,1,128,0.000428794,0.298595
10918,19790033,8,128,0.0255026,0.037124
33237,1907427,1,128,0.00213402,0.0988896
29941,10779144,1,128,0.00493866,0.10646
33423,1804895,1,128,0.00199954,0.0895563
23968,6084412,1,128,0.00368095,0.117021
5804,7590679,4,128,0.0220282,0.0782963
14556,20942813,64,128,0.0229649,0.0374954
46488,137966,1,128,0.00170411,0.374028
4722,7286023,64,128,0.00870663,0.0437646
2159,2464810,2,128,0.00265907,0.119339
19889,151306,8,128,0.000656987,0.23798
4623,2715831,2,128,0.00277696,0.140918
19780,24497764,2,128,0.0278451,0.0545091
5732,198959,16,128,0.000935751,0.174973
50342,1687083,1,128,0.00178828,0.132256
26246,68664,1,128,0.000377986,0.287365
1147,662344,32,128,0.00164914,0.171286
27954,735130,1,128,0.00148489,0.205742
11028,371841,2,128,0.00139315,0.269135
16211,1390753,16,128,0.00243423,0.131485
8992,4068899,64,128,0.00575664,0.0345579
1937,11439552,1,128,0.00509206,0.116666
50263,51433277,1,128,0.0445145,0.0909869
23575,127302,1,128,0.000467134,0.255626
5428,2227487,16,128,0.00313387,0.0866635
4980,8847883,4,128,0.011333,0.20116
3187,235233,64,128,0.000909705,0.187919
13813,6303919,1,128,0.00370482,0.117105
12786,908010,32,128,0.00184287,0.104747
23542,227389,1,128,0.00086299,0.235533
12804,51772545,2,128,0.0604741,0.0640257
5007,31157569,1,128,0.0114389,0.0652029
17258,170791,8,128,0.000751475,0.216878
5402,577035,64,128,0.00216861,0.287865
3629,87244,8,128,0.000466168,0.233169
54471,118841,1,128,0.000471809,0.25046
43800,1257738,1,128,0.00173816,0.18901
6744,12928908,8,128,0.0114501,0.0543068
15430,13280482,1,128,0.00534761,0.120312
60363,544056,1,128,0.00123066,0.222482
62502,2498497,1,128,0.00222063,0.136495
2197,152828,32,128,0.000607575,0.227974
7009,5449303,1,128,0.00342037,0.109104
19178,205634,4,128,0.00113446,0.33852
23324,4368614,64,128,0.00584703,0.0550089
2976,1943094,4,128,0.00346317,0.450592
9136,960469,32,128,0.00186315,0.0945522
1917,34757185,8,128,0.0289511,0.0452309
62083,7615170,1,128,0.00384478,0.112026
4287,227003,1,128,0.000897077,0.202889
41958,1157643,64,128,0.00252032,0.111306
13111,1215864,16,128,0.00223921,0.108604
15291,702926,8,128,0.00164345,0.183882
15878,4377289,4,128,0.00665073,0.331871
2237,1595638,64,128,0.00301386,0.109627
6100,79557,64,128,0.000459014,0.331238
58840,1924791,1,128,0.00201318,0.132714
16036,22100830,64,128,0.0238772,0.0293459
4077,16105595,32,128,0.013828,0.0689486
4991,21236011,8,128,0.0181895,0.0388182
263,209512,4,128,0.00105999,0.361098
42093,553100,1,128,0.00118876,0.187929
42493,63369438,64,128,0.0683708,0.0325745
7902,462050,16,128,0.00139774,0.148654
3450,10305384,16,128,0.00977072,0.0552985
4023,6888858,32,128,0.0068423,0.066138
61529,127671,1,128,0.000469719,0.244
2791,66232,16,128,0.00046566,0.211197
5252,565726,1,128,0.00122383,0.205247
8344,2338285,2,128,0.00259097,0.137332
33752,71877,64,128,0.000429992,0.362869
22190,40786461,64,128,0.0436191,0.0310417
13334,24130365,64,128,0.0263067,0.0397222
34712,5038393,64,128,0.00692022,0.129564
7938,400213,1,128,0.00104312,0.177489
46360,68885,1,128,0.00039338,0.237712
37218,162692,1,128,0.000688104,0.236399
46947,448456,1,128,0.00109756,0.152572
115,251887,64,128,0.000987568,0.172299
28106,14546052,64,128,0.0160711,0.0258224
13929,409199,16,128,0.00126956,0.190149
59723,104826,1,128,0.000430199,0.260167
39303,33059761,64,128,0.0367368,0.0246937
5339,2678084,4,128,0.00458062,0.388781
378,22276568,8,128,0.0214598,0.186854
9062,14696384,4,128,0.0167432,0.13292
34250,229598,1,128,0.000840153,0.212248
148,93843,4,128,0.000533196,0.50351
4725,2153778,8,128,0.00308192,0.108776
18661,47268788,64,128,0.0509052,0.0267239
28679,101620,1,128,0.000452918,0.279762
43183,4957478,1,128,0.00329549,0.12535
3902,167069,32,128,0.000711679,0.241887
15421,22132289,1,128,0.0274606,0.0734199
43297,9500955,64,128,0.0110962,0.0299083
6881,19144589,4,128,0.0208577,0.103256
7882,2405150,32,128,0.00323347,0.0763264
9586,4140938,4,128,0.00626262,0.282912
15035,980268,8,128,0.00210064,0.251571
13622,317362,4,128,0.00145299,0.314017
13253,15057440,8,128,0.0132256,0.0583953
503,1649119,8,128,0.00258594,0.100127
3697,1734101,64,128,0.00305181,0.235418
9835,6974741,4,128,0.00925276,0.225354
8987,9058809,32,128,0.00851668,0.0474655
17208,13533684,64,128,0.0148568,0.025857
41227,28702773,64,128,0.0307588,0.0280416
27150,237089,1,128,0.000855715,0.216201
5445,3242734,64,128,0.00462559,0.0662173
33951,188897,1,128,0.00077064,0.23128
59084,1329885,1,128,0.00169438,0.171822
15375,268873,8,128,0.000933766,0.254578
13357,32935926,1,128,0.0315309,0.0898868
10496,1112702,2,128,0.00183818,0.313517
1065,7233885,8,128,0.0113333,0.233425
29257,20359720,1,128,0.00790391,0.0913811
34275,27335893,64,128,0.0308781,0.211559
58428,27072435,1,128,0.0096718,0.0723854
16018,254509,1,128,0.000892252,0.209269
10820,58106133,16,128,0.0524393,0.141419
24402,176078,1,128,0.000742219,0.198042
47126,15387254,1,128,0.00597472,0.110539
407,25023255,64,128,0.0273114,0.035493
4839,19574496,16,128,0.0168917,0.0499822
10930,661247,2,128,0.00148773,0.279944
9565,14609113,8,128,0.0127222,0.049014
12832,939895,32,128,0.00185471,0.0912479
15508,2623560,1,128,0.00239773,0.149203
14880,67179,4,128,0.000548981,0.583147
6585,809704,4,128,0.00191636,0.402981
50987,37082459,1,128,0.0130116,0.0504973
62662,1337103,1,128,0.00181908,0.152382
61423,20997160,1,128,0.007942,0.0990833
17495,321035,2,128,0.00118434,0.325768
17366,1773252,64,128,0.0031273,0.107326
16304,10387747,2,128,0.00766526,0.157694
1968,187213,4,128,0.00101008,0.394946
12629,8902792,16,128,0.00855035,0.0857364
6805,1610472,1,128,0.00179959,0.161136
18916,1618527,1,128,0.00188694,0.161798
23277,96562,64,128,0.000489024,0.333035
33086,34877896,64,128,0.037023,0.0301663
14895,507016,8,128,0.00216902,0.786296
22446,165417,64,128,0.000706918,0.217616
36304,4063493,64,128,0.00546991,0.050122
17581,789484,1,128,0.00161947,0.221822
14217,15271133,64,128,0.0167787,0.0355377
5175,3843712,2,128,0.0189008,0.115403
13127,1097193,1,128,0.00158208,0.176557
4762,11001657,16,128,0.0103032,0.0627565
12313,18556104,8,128,0.0161074,0.0400978
17536,13541941,64,128,0.0150551,0.033342
20051,263755,1,128,0.000938605,0.286537
14436,133228,1,128,0.000641444,0.306654
6230,55302675,1,128,0.0191097,0.0484619
4524,247746,16,128,0.00103316,0.236287
14215,1664210,4,128,0.00303726,0.412399
8792,1919317,64,128,0.00324667,0.121217
64545,5328939,1,128,0.00335344,0.121004
20546,174281,1,128,0.000702121,0.202239
30249,1702058,1,128,0.0019549,0.122113
17842,17216308,8,128,0.0151005,0.0644307
10859,4524888,8,128,0.0050723,0.0658074
677,24793351,16,128,0.0241329,0.137728
14963,2988109,2,128,0.00300761,0.146946
4359,4852024,2,128,0.00433932,0.184703
59061,48062718,1,128,0.039719,0.0816324
37018,149394,1,128,0.000633175,0.210853
768,512528,8,128,0.00142093,0.20707
6006,12236377,32,128,0.0111934,0.0604899
30194,2964402,1,128,0.00258509,0.124302
29824,48599723,64,128,0.0520643,0.0323759
19415,278368,2,128,0.00105564,0.304447
57702,576325,1,128,0.00131272,0.17745
22174,16195103,1,128,0.00644244,0.105155
2037,226740,64,128,0.000912375,0.241128
17665,95759,2,128,0.000580435,0.432523
15904,220687,4,128,0.00122624,0.34789
18257,5889048,1,128,0.00365135,0.138705
8086,18024971,64,128,0.0197971,0.0282408
26974,44739524,64,128,0.048099,0.0273903
32430,381452,1,128,0.00117024,0.267958
26669,6745639,1,128,0.00364172,0.117018
7543,66434535,32,128,0.0538209,0.0487169
9861,2997532,32,128,0.00385549,0.100369
23544,1300143,64,128,0.00265361,0.0855713
9074,1198199,8,128,0.00223659,0.0927944
1997,2604311,1,128,0.00228104,0.121767
22515,56758994,1,128,0.0200757,0.0359005
34096,2797899,1,128,0.00392395,0.30598
3239,855224,64,128,0.00254991,0.180862
33587,2033755,64,128,0.00330119,0.0702226
55439,12856366,1,128,0.00536176,0.114423
17773,6420344,8,128,0.00637839,0.0558465
40804,956240,64,128,0.00210964,0.0909275
7252,906400,2,128,0.00151301,0.217866
16140,163110,8,128,0.000731014,0.207034
1560,1435244,1,128,0.00186096,0.152183
32255,1441233,64,128,0.00281394,0.114182
14646,657914,8,128,0.00238473,0.512501
2451,25785559,32,128,0.0216322,0.0699856
11194,63866578,32,128,0.0511497,0.0342579
65249,547709,1,128,0.00119091,0.201441
14889,26706755,1,128,0.0539025,0.0570845
6218,827058,32,128,0.00172877,0.0987846
3782,486274,8,128,0.00128985,0.223657
24604,6442070,64,128,0.00775116,0.0430708
9856,36743801,4,128,0.0454013,0.124149
20086,141822,1,128,0.000631026,0.210262
3391,403132,2,128,0.00121688,0.230464
5651,3555637,16,128,0.0041648,0.08804
19749,1184278,8,128,0.00221179,0.118955
25607,23210422,64,128,0.0253327,0.0281846
49869,63609035,1,128,0.0434467,0.0769382
5496,151920,32,128,0.000632202,0.23615
51317,247467,1,128,0.000890624,0.230993
11502,73698,32,128,0.000444799,0.827043
1132,239737,2,128,0.00109967,0.282
10188,39759397,4,128,0.0419297,0.137979
2644,2881779,2,128,0.00294,0.124938
2171,121737,2,128,0.000610034,0.478142
11908,175538,16,128,0.000838395,0.285661
7622,115378,4,128,0.000770358,0.474999
8961,792580,4,128,0.0022529,0.321308
9448,21069018,4,128,0.0226999,0.120501
60115,55544155,1,128,0.0195745,0.0559141
15601,30850276,4,128,0.0333473,0.122945
49559,154731,1,128,0.000640103,0.259412
15977,3959641,4,128,0.0152379,0.11026
15478,92912,4,128,0.000543463,0.492093
26517,366542,1,128,0.00115634,0.275523
11623,201262,2,128,0.000927829,0.30403
10333,13302352,64,128,0.0148038,0.0379479
41794,175765,1,128,0.000710832,0.173601
39420,868498,1,128,0.0014844,0.133711
20616,99170,64,128,0.000487958,0.313661
28147,2985738,1,128,0.00247987,0.142903
40782,771033,1,128,0.00150114,0.236926
22221,124239,64,128,0.000569222,0.239859
12277,7572619,8,128,0.00729146,0.050806
6810,142830,64,128,0.000719114,0.847719
6073,1217950,2,128,0.0017667,0.166254
8021,752114,8,128,0.00171942,0.149426
9195,92935,32,128,0.0004542,0.357344
28342,386655,64,128,0.00135654,0.189631
35540,458530,64,128,0.00183233,0.186293
6137,17574184,4,128,0.0172259,0.138831
1149,644231,2,128,0.00143314,0.250056
11518,141431,4,128,0.000914938,0.380984
2001,620870,1,128,0.00134569,0.242933
60472,2050983,1,128,0.00219772,0.101104
7936,625622,4,128,0.00178498,0.354939
13961,924475,64,128,0.00207387,0.0866155
15304,2182017,1,128,0.00224367,0.125615
3772,1907079,2,128,0.00223079,0.143784
23135,129276,1,128,0.000467672,0.284277
15864,6201447,8,128,0.00641733,0.0730261
35536,5459971,1,128,0.00533887,0.0747408
6270,121786,32,128,0.000503479,0.205571
50268,1063477,1,128,0.00159231,0.162169
14037,2908872,4,128,0.00493707,0.390013
39155,76779,64,128,0.000435339,0.325016
11570,149213,64,128,0.000683948,0.210637
9521,102474,16,128,0.000548478,0.224819
2266,461169,4,128,0.00151418,0.329423
27180,2639903,64,128,0.00409568,0.0748869
17159,47295062,2,128,0.0499114,0.0582297
14487,33981832,1,128,0.0124466,0.0748853
15591,394103,64,128,0.00140418,0.204657
996,793728,64,128,0.00256246,0.221448
17448,27383155,1,128,0.00989375,0.0848362
47281,206326,1,128,0.000813667,0.192732
16896,291153,2,128,0.00111036,0.401589
29696,777173,64,128,0.00255187,0.245503
20689,25038412,64,128,0.0270656,0.0234073
9596,20600985,32,128,0.0175339,0.0730428
10824,1704211,32,128,0.00261624,0.0839003
18195,5472665,8,128,0.00584729,0.0822457
5413,53641366,16,128,0.0451596,0.0264449
29534,1759366,64,128,0.00304911,0.0983336
18024,12455543,1,128,0.00542067,0.121916
43505,118092,1,128,0.000470342,0.352048
12767,66800,2,128,0.000513308,0.328272
57470,321629,1,128,0.0010791,0.252191
39284,19052178,64,128,0.0206601,0.030318
28853,4328682,64,128,0.00587475,0.0689931
48006,23996171,1,128,0.0204476,0.0893274
15730,333616,1,128,0.00109914,0.247137
2449,128938,8,128,0.00049769,0.212095
35186,1569883,1,128,0.00188323,0.188503
2416,15225019,64,128,0.0168436,0.0323745
9600,48071943,16,128,0.0416837,0.0291523
14502,18158777,2,128,0.0247414,0.0684579
17473,1295654,8,128,0.00236931,0.163452
28930,32218175,64,128,0.0348494,0.0214418
14410,3496263,2,128,0.00325375,0.177425
2916,1725650,1,128,0.00233341,0.405818
14988,1862696,16,128,0.00282671,0.0961327
3338,8575086,64,128,0.0102125,0.0430863
17532,261070,4,128,0.00122041,0.381751
16083,24223853,16,128,0.021342,0.0578738
19454,1243171,2,128,0.00178493,0.167463
22389,303108,64,128,0.00113257,0.245065
64272,98978,1,128,0.000421382,0.227066
44870,2350203,1,128,0.00231412,0.136365
4549,6284427,32,128,0.00644963,0.0593852
12883,8387560,1,128,0.0040715,0.109698
51247,4594910,1,128,0.00310377,0.122528
36210,594595,1,128,0.00125917,0.198482
32452,1000835,64,128,0.00220168,0.110632
10527,19307417,8,128,0.0172186,0.0388803
4012,14189470,16,128,0.0126444,0.0497931
4342,187561,4,128,0.00109564,0.360485
36509,2233164,1,128,0.00221193,0.149752
11211,78477,1,128,0.000399232,0.453247
9711,234589,1,128,0.000892791,0.238795
25536,73426,1,128,0.000362128,0.273735
50373,3437512,1,128,0.00395365,0.477201
24076,898708,64,128,0.00204768,0.0765255
16409,1729908,2,128,0.00208838,0.139722
649,1279891,2,128,0.00185828,0.183304
20227,3687027,1,128,0.0165391,0.108645
3434,3998195,32,128,0.00457812,0.0796401
13679,29525097,16,128,0.0247672,0.0305911
9623,30090930,8,128,0.0250241,0.0435406
38928,11190082,1,128,0.00499752,0.111401
9068,355745,8,128,0.00115719,0.283287
19834,5176387,4,128,0.00728965,0.284729
15182,455045,2,128,0.00121923,0.228523
32007,18356552,1,128,0.007161,0.112735
19622,591281,2,128,0.00129963,0.28658
30887,27736638,1,128,0.0100205,0.0814811
10649,14413811,64,128,0.0163123,0.0347485
26390,168027,64,128,0.000737146,0.254302
7819,15141888,4,128,0.0173449,0.15259
33972,748527,64,128,0.00251872,0.24005
9019,50368556,1,128,0.0176764,0.0478064
35449,5892413,64,128,0.00745114,0.0579577
16341,9774481,16,128,0.0092465,0.0676759
3503,30103701,64,128,0.032128,0.0296028
19189,4007483,1,128,0.00297181,0.11401
31102,684532,1,128,0.00133268,0.215748
4269,300494,16,128,0.00113012,0.227593
37418,13214973,1,128,0.005463,0.145319
14568,820628,16,128,0.00174307,0.122545
15525,9064669,16,128,0.00868294,0.0662653
23322,37940165,64,128,0.0412869,0.0441934
49505,5201064,1,128,0.00330731,0.110993
14917,10068966,8,128,0.0310363,0.0678439
19586,32082981,4,128,0.0333742,0.120118
36036,1303703,1,128,0.00167483,0.161784
1140,4175138,8,128,0.00587365,0.194201
6997,121633,32,128,0.000512203,0.365774
8966,85037,4,128,0.000642973,0.549185
10133,3397642,2,128,0.00330096,0.154637
25629,182420,1,128,0.000801499,0.221106
5722,44095258,1,128,0.0156356,0.0448614
33305,21694146,64,128,0.0236523,0.0269988
15608,2038457,64,128,0.0033716,0.0610355
40242,12408915,64,128,0.0140333,0.0311876
3264,367567,1,128,0.00121132,0.213562
38901,129561,64,128,0.000585916,0.263714
44268,1762469,1,128,0.00190064,0.138401
54531,763046,1,128,0.00148621,0.23566
35706,109407,1,128,0.000453027,0.269346
15251,519057,1,128,0.0011802,0.198348
33672,61985043,1,128,0.0216878,0.0476011
41842,376570,64,128,0.00136838,0.205345
38840,16674910,1,128,0.00728271,0.105094
18778,114656,1,128,0.000450167,0.295732
62713,66841814,1,128,0.0251497,0.0335497
11740,357902,64,128,0.00128641,0.139411
18462,506931,8,128,0.00128427,0.166465
12425,7543626,2,128,0.00578857,0.173886
27568,52507694,64,128,0.0565216,0.0218327
226,81567,32,128,0.000444011,0.215615
39581,3245531,64,128,0.00456016,0.0649319
61797,572016,1,128,0.00121599,0.237611
11846,1903999,2,128,0.0022399,0.133229
30257,18464194,1,128,0.00712944,0.132071
13228,16125353,2,128,0.0248931,0.0598468
7460,3765970,2,128,0.0180132,0.101303
6126,1142746,32,128,0.00221741,0.142337
36812,42237344,1,128,0.0154396,0.0448694
18393,190983,64,128,0.000803462,0.196768
1029,637240,1,128,0.00134887,0.190499
19190,25217971,4,128,0.0265208,0.125625
14089,45635011,2,128,0.0552976,0.0673546
8197,101082,8,128,0.000499513,0.218823
56465,48156059,1,128,0.0170796,0.0562442
36898,606790,1,128,0.00123898,0.228375
5585,12195232,8,128,0.0111179,0.0564223
6993,346780,2,128,0.00126822,0.306506
37100,177252,64,128,0.000741322,0.220231
11525,5296499,2,128,0.00460689,0.182949
11018,6083407,32,128,0.00642695,0.0754241
20674,14956242,64,128,0.016464,0.0370876
4719,164726,4,128,0.000998124,0.391799
37,25730810,1,128,0.00958691,0.110786
24176,5758067,1,128,0.0150638,0.0907678
10880,201096,8,128,0.000807639,0.209755
28169,8830238,64,128,0.0104141,0.0360998
22416,387678,64,128,0.00139951,0.231621
12651,4790932,32,128,0.00527924,0.0705427
42582,7080128,64,128,0.00849879,0.039887
17661,31644998,2,128,0.0217529,0.0966277
7574,143013,4,128,0.0008177,0.456988
4854,1005234,64,128,0.00224574,0.266731
25753,5870025,64,128,0.0074593,0.0578295
19456,712071,8,128,0.00181912,0.163457
5989,1060461,32,128,0.00203507,0.0904655
5796,181502,64,128,0.000752137,0.221848
13696,136821,64,128,0.000653654,0.233586
15379,754575,2,128,0.00170082,0.223988
8850,11810607,1,128,0.0171089,0.0615554
17072,3026436,2,128,0.00301736,0.145538
56222,14922451,1,128,0.0064283,0.252418
15083,28957604,4,128,0.0617184,0.0712986
36359,23399049,1,128,0.00902378,0.104291
1876,14997859,4,128,0.0164907,0.124054
13994,2938930,1,128,0.00257304,0.157887
5679,14372995,1,128,0.00583586,0.127959
27161,1326239,1,128,0.00182201,0.188643
4040,323620,8,128,0.00108485,0.321989
30589,1639226,1,128,0.00198588,0.106912
34596,37955751,64,128,0.0404481,0.0220044
12232,4033499,64,128,0.00539596,0.0446635
4831,76118,2,128,0.000516202,0.43763
57850,1664237,1,128,0.00196871,0.10356
12806,366965,2,128,0.00132752,0.285892
5208,619368,16,128,0.00157495,0.17724
15735,496191,16,128,0.00146377,0.183127
24461,19848916,1,128,0.00772096,0.0903855
11773,84715,64,128,0.000444847,0.218952
10931,1743509,4,128,0.00306586,0.412248
19694,9987673,2,128,0.0199893,0.100319
13858,86735,16,128,0.000505406,0.241261
61077,121154,1,128,0.000472497,0.250105
48910,219506,1,128,0.000843638,0.220466
10757,3312128,1,128,0.00252672,0.111112
53362,388297,1,128,0.00121376,0.300145
33264,192548,64,128,0.000830314,0.200177
3178,11936373,64,128,0.0135176,0.0392934
849,983592,16,128,0.00231968,0.377194
32110,317414,1,128,0.00104012,0.249192
30634,189058,1,128,0.000808993,0.221893
42927,1392795,1,128,0.00178883,0.191485
32381,306118,64,128,0.00129065,0.254575
25201,551067,1,128,0.00117126,0.217101
44881,282539,1,128,0.000980962,0.245511
35333,196596,64,128,0.000825801,0.208482
9757,174871,1,128,0.000727358,0.220338
57461,8677663,1,128,0.00441368,0.104154
13794,383793,2,128,0.00134245,0.302736
15217,404240,64,128,0.00130252,0.133728
20623,27055567,64,128,0.0289295,0.0316523
7244,4527375,2,128,0.00408149,0.196173
46502,5129990,1,128,0.00338518,0.121506
16010,276251,4,128,0.00121625,0.362397
6444,144045,2,128,0.000797151,0.331333
30333,74763,1,128,0.000403689,0.257863
2269,2725269,2,128,0.00283652,0.123519
6851,378866,32,128,0.00129278,0.238406
18813,7524699,8,128,0.0197753,0.0533409
17877,23133957,1,128,0.00863761,0.0960327
42342,837885,1,128,0.00144536,0.129379
7986,197703,32,128,0.000785266,0.222883
16926,14322583,2,128,0.00995795,0.145269
2735,693857,64,128,0.00233321,0.247089
18687,12248318,8,128,0.0377773,0.0578853
9791,570293,4,128,0.00166689,0.349212
1981,5979283,8,128,0.00612684,0.0699853
6250,37891181,4,128,0.0391853,0.110092
18201,234953,2,128,0.00100326,0.307694
53997,387477,1,128,0.00117825,0.266197
60606,490491,1,128,0.00116734,0.172339
32915,164615,64,128,0.000726669,0.259502
8058,5281711,32,128,0.00566387,0.069222
11787,186018,32,128,0.00111681,0.392111
26420,3551200,64,128,0.0049842,0.0823942
14829,3943172,2,128,0.0036621,0.175275
11924,1450333,4,128,0.00299549,0.352003
3364,38336759,1,128,0.0198249,0.0681015
8701,333213,16,128,0.00130777,0.248596
41653,294879,64,128,0.00111959,0.192153
56379,40567773,1,128,0.0270231,0.0769459
61165,7520199,1,128,0.00372933,0.0871436
58830,11801292,1,128,0.00529608,0.101371
4771,25708813,2,128,0.0178132,0.0857146
14079,104121,2,128,0.00052937,0.342532
20508,524410,2,128,0.00133655,0.273073
17991,2338437,2,128,0.0027329,0.176172
5751,610898,4,128,0.00176456,0.332737
33088,19176573,64,128,0.0209123,0.0320506
46425,6277453,1,128,0.00370538,0.123056
16285,27142405,2,128,0.0187397,0.0812467
9071,48780190,2,128,0.0344967,0.0699713
6186,295014,16,128,0.00123461,0.23
9262,13327055,8,128,0.0118354,0.0467963
29697,503272,1,128,0.00119128,0.194173
18511,14298973,8,128,0.0125257,0.0579464
6679,338742,8,128,0.00117985,0.229634
2115,44765843,1,128,0.0316567,0.0793648
37611,4293334,1,128,0.00308979,0.142496
14022,27825403,64,128,0.0297138,0.026934
38311,8671215,64,128,0.0102304,0.0478191
2265,2462773,8,128,0.00332633,0.0865677
16879,27135926,64,128,0.0289994,0.0276257
9741,6006052,32,128,0.00633531,0.0829342
34523,1817619,64,128,0.00311749,0.101803
14929,16835277,4,128,0.0195355,0.116102
11278,507263,64,128,0.00189963,0.220478
5221,70402,1,128,0.000377895,0.28761
46783,22494615,1,128,0.0267474,0.0984021
7086,15999637,16,128,0.0143753,0.0425647
16598,540085,8,128,0.00137626,0.175932
7137,165486,16,128,0.000803573,0.20355
32369,165811,1,128,0.000695924,0.238557
11099,15314029,16,128,0.014327,0.141617
9636,21759528,32,128,0.0184125,0.0632168
36518,4571512,1,128,0.00488544,0.495464
20226,4485625,8,128,0.00494022,0.0750486
7800,11764941,32,128,0.0110059,0.0898557
41657,143343,1,128,0.000669501,0.221849
58020,369320,1,128,0.00109936,0.294771
6170,2485716,16,128,0.0033448,0.0878115
21187,11740293,64,128,0.0134595,0.0283506
37428,2627301,1,128,0.00233374,0.132873
11604,477758,32,128,0.0019269,0.386098
18261,23813200,4,128,0.0248135,0.137504
8946,8063729,8,128,0.00770908,0.0556524
17700,131448,64,128,0.000611946,0.292161
2919,15360454,4,128,0.0163305,0.116846
8456,250558,64,128,0.000979854,0.167873
33269,658299,64,128,0.00226982,0.215497
43342,34490573,1,128,0.0279838,0.0762633
411,57409161,8,128,0.0519952,0.151406
7489,439329,64,128,0.00180519,0.214791
22823,913955,64,128,0.00209294,0.101952
55161,1465305,1,128,0.00192265,0.162351
31606,482865,1,128,0.00116874,0.193112
14444,58432653,8,128,0.0501906,0.168306
53976,6574314,1,128,0.00367613,0.129109
54564,480205,1,128,0.00116785,0.192304
20897,2300255,2,128,0.00248615,0.125621
46251,3930315,1,128,0.00290491,0.0991576
686,322079,4,128,0.00130802,0.394493
57905,99560,1,128,0.000428641,0.233025
10134,38188759,8,128,0.0314783,0.0452194
7268,119866,64,128,0.000561981,0.330605
869,13548085,1,128,0.00540412,0.0934656
4525,2606290,1,128,0.00289925,0.360784
6913,3651806,16,128,0.00430758,0.0767896
26355,167876,64,128,0.000691646,0.187643
16346,211786,4,128,0.001179,0.323486
11641,21766814,32,128,0.0188521,0.159467
20464,12912105,1,128,0.00521873,0.079656
617,434113,8,128,0.0014515,0.285574
4041,13509812,64,128,0.0150144,0.0424763
5326,5386905,16,128,0.00566137,0.077047
15063,62547712,1,128,0.0400509,0.0695089
15463,588701,8,128,0.00149468,0.178615
35595,22660066,1,128,0.0313456,0.109007
30414,18566366,64,128,0.0202867,0.0275571
39414,2638496,64,128,0.00403532,0.0615923
4300,310423,2,128,0.00117572,0.352092
22895,20830263,64,128,0.0226829,0.0273465
5222,11287167,8,128,0.0102822,0.0521319
2221,12947984,2,128,0.00917431,0.14975
28215,1074446,64,128,0.00334017,0.172625
13967,1980752,4,128,0.00363976,0.430698
11059,78513,16,128,0.000676515,0.620326
53598,9272962,1,128,0.00458704,0.1056
58336,8297665,1,128,0.00568926,0.0525967
6714,49623896,16,128,0.0422233,0.0381714
50963,2453040,1,128,0.00227013,0.137542
15249,7706633,64,128,0.00910941,0.0361156
12857,54602938,64,128,0.0584155,0.030999
13944,923589,16,128,0.00196148,0.127617
41606,312213,1,128,0.00102723,0.250541
19272,664493,4,128,0.00188318,0.316436
13976,31005667,2,128,0.0360316,0.0584465
21657,5729927,64,128,0.0071903,0.0485508
9590,31115287,4,128,0.0690089,0.0910265
2848,16080412,4,128,0.0360729,0.0946418
1905,93306,2,128,0.000538797,0.405224
41673,1003725,64,128,0.00220076,0.0717546
9675,154135,32,128,0.000688271,0.228105
61070,3692569,1,128,0.00259303,0.110666
51905,146607,1,128,0.000639973,0.325258
13306,66625,2,128,0.000479985,0.361858
8781,4223880,4,128,0.00617808,0.327787
5791,12281399,4,128,0.0376212,0.0547113
21466,2370276,1,128,0.00224725,0.144006
9756,2007571,4,128,0.00364569,0.433539
140,94714,4,128,0.000565765,0.487805
19165,60067189,64,128,0.0642635,0.018984
17863,1759753,64,128,0.0030557,0.0860103
19762,82015,2,128,0.000535757,0.40786
51745,32750936,1,128,0.0301942,0.0914472
55696,2831039,1,128,0.00237839,0.137323
38764,45591022,1,128,0.0227719,0.0574376
2180,2828541,2,128,0.00295223,0.130372
42959,98895,1,128,0.000427447,0.249956
61548,16146908,1,128,0.00633872,0.112881
3966,98610,16,128,0.000488569,0.270336
8739,170353,16,128,0.0007894,0.245022
12423,2372955,64,128,0.00375791,0.0791349
5330,2475322,4,128,0.00403581,0.363494
643,1100985,64,128,0.00237896,0.0865278
3217,29797802,16,128,0.0251586,0.0552464
2408,12895980,64,128,0.0143385,0.058075
35653,251379,1,128,0.000896068,0.271314
6898,1896220,32,128,0.00275558,0.101117
21703,668863,1,128,0.00135362,0.225028
1412,1053435,32,128,0.00207779,0.103183
18926,39264650,64,128,0.0419577,0.0255023
8383,248693,2,128,0.00100388,0.248593
2245,63404386,8,128,0.0533834,0.0526629
15502,2903313,1,128,0.00262622,0.129501
18065,2031862,64,128,0.00339698,0.0717585
5664,1442765,1,128,0.00189051,0.151364
16781,381255,64,128,0.00134046,0.217275
2208,14576038,16,128,0.0132166,0.0496859
15026,44244080,16,128,0.0375963,0.0482973
61255,2150960,1,128,0.0022072,0.149018
8495,2868812,2,128,0.00289108,0.135273
4405,1335256,4,128,0.00273511,0.406212
6811,488665,64,128,0.00188132,0.208107
7780,17861563,32,128,0.0152665,0.0481875
16961,1938380,1,128,0.00206858,0.114765
19283,513396,2,128,0.00128372,0.231095
31801,130090,64,128,0.00058874,0.273871
3828,138333,64,128,0.000636154,0.217734
2061,475704,1,128,0.00112618,0.182873
1258,24377856,4,128,0.0415258,0.0750733
387,1519204,32,128,0.00256029,0.129029
11096,13024839,4,128,0.0144784,0.109973
5093,259216,4,128,0.00129233,0.375575
8324,618989,16,128,0.00159158,0.181816
3360,10571314,4,128,0.0126353,0.160471
308,6367819,64,128,0.00802795,0.0489627
7569,268685,8,128,0.000968486,0.226168
4444,72035,1,128,0.00050856,0.590371
59285,17401761,1,128,0.00661422,0.104859
6909,104106,16,128,0.000527557,0.238219
12955,475860,4,128,0.00149591,0.319709
10241,40942345,2,128,0.0401299,0.0481451
328,44451385,2,128,0.0311207,0.060051
1879,548477,16,128,0.00142633,0.17584
10923,20878663,64,128,0.0225694,0.0321693
1759,195878,1,128,0.000829958,0.263373
5716,143183,4,128,0.000824471,0.440905
9420,15459400,32,128,0.0135586,0.0979134
50542,43418037,1,128,0.0228592,0.0636691
13889,1263177,1,128,0.0016961,0.147374
10971,14530594,32,128,0.0125773,0.0598894
501,1047795,1,128,0.00153423,0.187741
10518,2181301,64,128,0.00352901,0.0804093
32131,14697470,64,128,0.0160813,0.0310514
12990,200282,32,128,0.000789872,0.233288
19389,22946393,8,128,0.0198123,0.07831
21774,3805460,1,128,0.0150567,0.104981
141,635435,4,128,0.00166108,0.386452
1255,2129298,4,128,0.00355807,0.403333
9160,31449208,1,128,0.0112841,0.0671535
89,1281465,1,128,0.00177332,0.168446
9879,2761974,32,128,0.00366894,0.112993
159,81340,1,128,0.000390738,0.283085
18908,48034590,8,128,0.0388642,0.0364905
3852,5593155,2,128,0.00478326,0.17845
5967,2732211,1,128,0.00290121,0.586255
4199,8978758,32,128,0.00840091,0.0414463
27320,44721940,64,128,0.0486483,0.0530384
2989,3112631,4,128,0.00497559,0.349449
7316,1387975,64,128,0.00268666,0.127606
22156,844329,1,128,0.0013993,0.136558
12340,774269,8,128,0.00176258,0.208752
18576,80954,8,128,0.000430979,0.256089
15221,2978862,16,128,0.00389166,0.0921809
6190,317137,32,128,0.00107069,0.210845
34167,3917136,64,128,0.00523925,0.054202
11095,21617247,32,128,0.0185081,0.0714041
8442,3953470,64,128,0.00535532,0.0554089
18743,1482374,64,128,0.00294139,0.106545
14218,229212,1,128,0.000868412,0.217649
5084,493687,16,128,0.00143485,0.193912
41519,4705105,64,128,0.00617047,0.0488735
39885,28165174,1,128,0.0236081,0.0799259
21564,3612011,1,128,0.00278154,0.109234
32106,255653,64,128,0.000962362,0.235459
19497,5451614,2,128,0.00485223,0.172687
32235,92055,64,128,0.000464772,0.246838
16029,31057311,16,128,0.0262382,0.0340635
9376,21665876,1,128,0.00814217,0.122524
18218,9348075,1,128,0.00434011,0.0752172
2594,299683,4,128,0.00118,0.411442
40291,119486,1,128,0.000448848,0.255356
19900,43541644,64,128,0.0462855,0.0301775
37410,32264456,1,128,0.0230235,0.0811179
10040,236963,16,128,0.000999489,0.19984
29144,27004929,64,128,0.0290938,0.0356472
4191,2931739,4,128,0.00488002,0.409062
32126,19677688,1,128,0.00749477,0.0857544
55241,205056,1,128,0.000846938,0.195396
21853,8064394,64,128,0.00939464,0.0375285
33741,49552309,1,128,0.0412857,0.0867469
19772,7508221,1,128,0.00380929,0.103022
4745,12120761,32,128,0.0110672,0.0685351
14621,66728997,64,128,0.0731836,0.0114199
9184,47120751,1,128,0.0435972,0.0729659
33518,2970730,1,128,0.00271769,0.138573
1160,119540,16,128,0.000977665,0.633203
7153,2364973,8,128,0.00320996,0.0882826
14027,201272,2,128,0.000947527,0.345814
26709,8618751,1,128,0.00441046,0.104803
12280,1134497,32,128,0.00219998,0.130305
11116,767399,64,128,0.00258825,0.216289
60563,16580311,1,128,0.00791814,0.0863529
5995,89485,64,128,0.000513256,0.785409
15001,824603,1,128,0.00149306,0.109053
16836,320152,8,128,0.0011216,0.267457
2956,465829,4,128,0.00140035,0.351616
19581,4839982,64,128,0.00637412,0.0477072
58877,5582397,1,128,0.00343992,0.12682
8507,2084021,4,128,0.003866,0.429834
10943,4256148,64,128,0.00573759,0.0503177
31470,61735221,1,128,0.0615329,0.0658554
16016,4513863,16,128,0.00512086,0.0903378
19786,1096850,1,128,0.00159032,0.169864
16495,7729707,4,128,0.0267315,0.0873736
12641,11313273,2,128,0.00822626,0.122876
3854,8058685,32,128,0.00770948,0.059842
36056,8446854,64,128,0.0100139,0.037122
15416,45092087,16,128,0.0379491,0.0344498
3423,44018960,64,128,0.0470401,0.0431401
18429,143189,8,128,0.000677332,0.228395
17975,23614475,2,128,0.0161904,0.0804596
6817,13006255,64,128,0.0145251,0.036636
43134,1516762,64,128,0.00291066,0.124664
27915,5599765,1,128,0.00867248,0.0745536
19344,16472802,8,128,0.0148442,0.0505398
5425,510298,16,128,0.00144386,0.182515
252,675223,8,128,0.00212992,0.330966
11301,1815986,32,128,0.00357519,0.289087
7330,88885,4,128,0.000585289,0.526655
3540,15847220,2,128,0.018413,0.0539297
1649,779891,32,128,0.00181739,0.164995
2441,315957,2,128,0.00117501,0.351125
7100,587867,8,128,0.00142209,0.13554
8962,1090410,64,128,0.00238359,0.0935362
57332,929256,1,128,0.00152816,0.132585
336,47996997,32,128,0.0388324,0.036536
31121,198421,64,128,0.000810148,0.203249
32017,28520883,64,128,0.0306199,0.0281662
35191,14697606,1,128,0.00577695,0.0957978
41803,15304719,64,128,0.0168521,0.0317571
19131,195868,8,128,0.00080113,0.234621
30254,36078526,1,128,0.0130959,0.0661199
10961,76357,2,128,0.000526413,0.428164
8988,3426342,4,128,0.0052887,0.442491
12887,55414150,32,128,0.0446706,0.0593228
4203,1629360,8,128,0.00248195,0.0795854
14455,213353,2,128,0.00091858,0.311378
3732,15074787,32,128,0.0132905,0.0687344
10414,114153,1,128,0.000454077,0.222355
9456,2881337,1,128,0.00256519,0.167888
8301,84610,64,128,0.000448903,0.197885
63616,240193,1,128,0.000941019,0.203476
16159,166225,8,128,0.00074722,0.219512
971,114254,64,128,0.000555041,0.407629
15590,10296374,8,128,0.00953506,0.0609019
9330,3052464,32,128,0.00388588,0.0831781
8625,42886808,2,128,0.0377235,0.0506643
61678,8964967,1,128,0.00434493,0.0974202
368,2996928,2,128,0.00300419,0.140152
28104,10786565,1,128,0.004804,0.104883
14327,16114673,2,128,0.0111094,0.122571
3120,8289765,16,128,0.00884541,0.0543389
14068,287672,8,128,0.00103942,0.300581
5613,1486834,4,128,0.00309634,0.341115
23221,774095,1,128,0.00156231,0.189313
19066,97624,4,128,0.000556098,0.482873
16995,119252,4,128,0.000581949,0.456147
54305,1519252,1,128,0.00189424,0.175467
5748,1855730,4,128,0.00325216,0.477376
37402,2701972,1,128,0.0024148,0.149776
13897,1252376,1,128,0.00175748,0.173916
8490,8053644,32,128,0.00764193,0.0552543
4226,1169279,32,128,0.00226469,0.116081
18101,69944,64,128,0.000431307,0.268127
8890,364148,2,128,0.00123708,0.36898
29089,50686866,64,128,0.0541032,0.0223243
5155,14076327,2,128,0.0270054,0.0872877
11947,7542578,2,128,0.0171004,0.0913818
15196,1544570,64,128,0.00295229,0.0944814
4026,275312,64,128,0.0010706,0.182606
39837,10875970,64,128,0.0124873,0.0374407
46975,32078418,1,128,0.0113626,0.0751395
3911,115245,2,128,0.00057617,0.398708
4921,44480211,16,128,0.0376727,0.0332125
13145,7517406,64,128,0.00888066,0.0371273
9496,144949,4,128,0.000890691,0.457158
10893,1403924,2,128,0.00194641,0.170419
4956,44918704,8,128,0.0530217,0.0362078
51703,18579384,1,128,0.00714146,0.139275
53244,1635773,1,128,0.00202047,0.109072
13638,14898647,16,128,0.0135318,0.0569808
4392,13438164,64,128,0.0148382,0.0344785
27988,11316307,64,128,0.0129258,0.0301809
2869,258383,64,128,0.000977755,0.209575
39508,13459537,1,128,0.00552134,0.121444
25034,35072135,1,128,0.0633054,0.0610664
5974,53135895,32,128,0.0425736,0.0373597
22681,243594,64,128,0.000932272,0.252588
5066,708323,32,128,0.00174687,0.200285
9141,2763446,64,128,0.00430451,0.103542
15017,162377,2,128,0.000822436,0.33503
15784,49585673,16,128,0.0426819,0.0435118
20470,28054397,1,128,0.0101921,0.0951892
38226,1350854,1,128,0.0018326,0.163421
11039,48872235,1,128,0.0293667,0.0724313
14185,3059808,64,128,0.00459786,0.0867072
3513,67034682,2,128,0.0487769,0.0569622
14449,907118,64,128,0.00207471,0.0969079
13367,16619229,4,128,0.0578758,0.0572754
10003,36753386,4,128,0.0493402,0.151379
9708,4069812,16,128,0.00457959,0.0913091
7446,1111268,2,128,0.00169519,0.167806
18309,72717,2,128,0.000494783,0.452715
13307,2428651,1,128,0.00238581,0.124907
695,1520711,64,128,0.002931,0.121014
2532,1094629,32,128,0.00216589,0.135507
16320,418621,16,128,0.00124982,0.150782
7182,2083501,16,128,0.00305324,0.107763
2801,1217501,8,128,0.0022288,0.131508
15931,1652755,16,128,0.00258531,0.106678
9427,155006,64,128,0.00076125,0.794917
743,656530,1,128,0.00135193,0.201713
34474,21264604,1,128,0.00799706,0.09536
12613,3222292,1,128,0.0024676,0.144127
57677,259845,1,128,0.000954657,0.223054
9704,2245505,4,128,0.00397314,0.426037
11463,257297,2,128,0.00105345,0.298642
58174,67999,1,128,0.000396153,0.286491
42338,467156,1,128,0.00114077,0.152831
8229,9149398,32,128,0.00861632,0.0505266
7479,851681,16,128,0.00178644,0.115789
22533,70238,1,128,0.000399637,0.222238
1586,3223635,4,128,0.00497266,0.405338
4611,23814244,1,128,0.00929342,0.12639
920,20290089,16,128,0.0198813,0.19485
29999,18563489,64,128,0.0199682,0.0313491
10620,28892295,32,128,0.0238367,0.0526972
7784,1554570,64,128,0.00300164,0.167503
14940,40721050,2,128,0.0328551,0.0554158
43389,567455,64,128,0.00213467,0.216911
37711,38039201,1,128,0.0134631,0.0478333
4227,2335208,4,128,0.00390705,0.453519
5060,352778,16,128,0.00126548,0.267078
4471,813555,64,128,0.00251938,0.195927
40524,19602221,1,128,0.00749567,0.106005
14373,67602,16,128,0.000478569,0.218246
58357,108904,1,128,0.00046591,0.295623
17057,12059363,2,128,0.0200919,0.0996598
10409,949498,1,128,0.00145232,0.163486
26188,2343155,64,128,0.00369001,0.0681266
780,693657,64,128,0.0023574,0.220128
56911,35661322,1,128,0.0128973,0.0671597
15680,5195638,16,128,0.00561045,0.0880789
243,21171474,1,128,0.00811222,0.0950627
4879,2042169,32,128,0.00291622,0.101649
16135,88326,64,128,0.000471412,0.199831
6266,14114927,32,128,0.0121791,0.0433315
4436,4076896,4,128,0.00578995,0.297207
13601,281490,64,128,0.00110463,0.290147
562,184497,16,128,0.00166871,0.384637
20356,378106,8,128,0.00129808,0.189677
10596,9556673,64,128,0.0111247,0.0377611
8924,19109103,4,128,0.0206496,0.0881092
45422,81948,1,128,0.000412994,0.282754
27065,150499,64,128,0.000649317,0.174718
33507,3272503,64,128,0.00462569,0.0610508
22534,272857,1,128,0.000914345,0.227558
14194,806176,16,128,0.00172374,0.130529
24799,1403017,1,128,0.00187456,0.152233
15259,1033247,2,128,0.00171489,0.213911
711,20350875,2,128,0.0245171,0.0648677
2510,7226457,32,128,0.00706886,0.0677895
59085,10532220,1,128,0.00488844,0.10026
3689,379521,32,128,0.00134357,0.194988
13361,4558619,64,128,0.00606829,0.0529793
41656,4370167,1,128,0.00301534,0.112699
15250,385910,16,128,0.00147224,0.236068
5433,187081,64,128,0.000866195,0.662785
3169,1269614,64,128,0.00256072,0.15851
19169,73139,8,128,0.000426918,0.3133
696,207564,32,128,0.000783596,0.223082
2576,260280,16,128,0.00104612,0.177737
10909,3939916,16,128,0.00494615,0.228124
18051,547933,64,128,0.00204349,0.20642
61889,142877,1,128,0.000652842,0.221144
15058,747857,64,128,0.00251577,0.225359
3858,37984226,16,128,0.033758,0.0383841
9966,405592,16,128,0.00130069,0.200485
7291,7562180,64,128,0.00894689,0.0301044
1355,2614134,1,128,0.00239014,0.152418
39250,452113,1,128,0.00111078,0.170838
7407,145003,32,128,0.000669428,0.175455
5405,1137021,1,128,0.00155322,0.181913
37318,111155,1,128,0.000435911,0.231932
26541,10916139,1,128,0.00493183,0.115385
715,4612065,8,128,0.00526108,0.147394
21727,55108401,64,128,0.0595599,0.025581
27575,9637013,1,128,0.00462655,0.103723
2076,152597,64,128,0.000729072,0.392776
55987,63174365,1,128,0.0271514,0.0432479
39621,166392,64,128,0.000716895,0.254723
55011,7829839,1,128,0.0247688,0.0404561
11174,75171,64,128,0.000445833,0.349812
4656,5961761,64,128,0.00813359,0.132788
35066,227044,1,128,0.000857139,0.218512
42565,5406105,64,128,0.00691066,0.0457427
46230,267400,1,128,0.000958821,0.239422
18994,805593,1,128,0.00136871,0.151567
3547,373993,2,128,0.00140987,0.304587
4110,25153203,64,128,0.0271651,0.0304992
12263,3356402,32,128,0.00393461,0.0820247
51082,5663537,1,128,0.00351081,0.11211
44960,8830968,1,128,0.00532885,0.415971
3999,38805665,2,128,0.0394149,0.0454667
45848,27955712,1,128,0.00999779,0.0754318
3398,102460,2,128,0.000548268,0.364186
10380,500775,2,128,0.00127535,0.261447
18849,64227730,8,128,0.0533003,0.0443027
13978,25508294,64,128,0.0274617,0.0259652
2361,33425028,32,128,0.0278375,0.0481999
14237,63880223,64,128,0.0695623,0.0664246
39619,8475591,64,128,0.00999934,0.0403149
436,865531,4,128,0.00201774,0.384687
2527,1733476,1,128,0.00198611,0.0995431
9351,6468727,16,128,0.00642717,0.0765756
6664,61447958,2,128,0.0497242,0.186821
2708,1451471,2,128,0.00208527,0.188307
10061,8384707,16,128,0.00805044,0.0682362
6403,32236445,8,128,0.0264061,0.0267448
5977,741199,64,128,0.00248786,0.191964
3789,51127689,8,128,0.0425751,0.0362913
15856,1239667,1,128,0.00170746,0.175642
12877,1420640,32,128,0.00253981,0.155383
13302,178791,16,128,0.000866403,0.210723
2958,43375555,32,128,0.0350977,0.0447837
7108,3313591,1,128,0.00246118,0.132822
41789,280842,1,128,0.000963703,0.326561
4198,74090,2,128,0.000441695,0.383294
24363,7169024,64,128,0.00859544,0.0417274
18476,157472,2,128,0.000781242,0.390299
19340,370088,1,128,0.001175,0.237547
213,274359,16,128,0.00113404,0.298116
3787,6316057,8,128,0.00649342,0.0782946
9161,5739913,64,128,0.00731867,0.0844638
7301,297205,16,128,0.00124289,0.176354
14396,56186140,1,128,0.0829472,0.0545269
5113,665147,4,128,0.00174714,0.353848
10604,612939,32,128,0.00151433,0.142347
11782,2462887,4,128,0.00413548,0.32764
28067,356181,64,128,0.00129463,0.179764
10316,402845,16,128,0.00126638,0.180404
4627,13678670,16,128,0.0125476,0.0576243
8547,12145861,1,128,0.00518354,0.10259
31459,27870221,1,128,0.0102891,0.0803539
64495,649604,1,128,0.00138951,0.198773
54710,176380,1,128,0.000730249,0.202616
5266,18154469,4,128,0.0396514,0.0873132
7859,90376,32,128,0.000429674,0.266677
14692,1482797,2,128,0.0021282,0.168503
3723,1184926,1,128,0.00158693,0.196663
30241,30657358,1,128,0.0109748,0.0897469
44154,1649588,1,128,0.00204135,0.141639
5668,3310081,4,128,0.00480291,0.352425
11673,2146634,32,128,0.00314726,0.122106
